Unnamed: 0,Entity,Code,Year,0-4,5-9,10-14,15-19,20-24,25-29,30-34,35-39,40-44,45-49,50-54,55-59,60-64,65-69,70-74,75-79,80-84,85-89,90-94,95-99,100+
1332,Bahrain,BHR,1950,1905.9999,71.0,47.0,63.0,75.0,82.0,71.0,69.00001,64.0,61.0,65.0,66.0,74.0,76.0,77.0,67.0,37.0,14.0,3.0,0.0,0.0
1333,Bahrain,BHR,1951,1908.0,74.0,48.0,62.0,74.0,84.00001,72.0,70.0,66.0,65.0,65.0,66.0,74.0,80.00001,77.0,68.0,39.0,15.000001,2.0,0.0,0.0
1334,Bahrain,BHR,1952,1920.0,79.0,48.0,62.0,73.0,83.00001,75.0,70.0,67.0,65.0,65.0,70.0,74.0,80.00001,78.0,68.0,42.999996,17.0,3.0,0.0,0.0
1335,Bahrain,BHR,1953,1921.0001,80.0,48.0,61.0,73.0,80.00001,78.0,71.0,68.0,65.0,66.0,70.0,74.0,80.00001,79.0,70.0,46.0,17.0,4.0,0.0,0.0
1336,Bahrain,BHR,1954,1913.0,81.0,48.0,60.000004,72.0,80.00001,79.0,72.0,69.00001,65.0,68.0,71.0,76.0,80.00001,80.00001,70.0,48.0,18.000002,5.0000005,0.0,0.0
1337,Bahrain,BHR,1955,1887.0,79.0,48.0,60.000004,71.0,80.00001,80.00001,74.0,70.0,66.0,70.0,72.0,76.0,80.00001,80.00001,72.00001,49.0,20.0,5.0000005,0.0,0.0
1338,Bahrain,BHR,1956,1838.0,79.0,46.0,59.0,69.0,74.99999,79.0,74.0,70.0,70.0,70.0,73.0,76.0,82.0,80.00001,73.0,50.0,20.0,5.0000005,0.0,0.0
1339,Bahrain,BHR,1957,1776.0,77.99999,46.0,59.0,67.0,74.99999,77.0,76.00001,70.0,70.0,70.0,73.0,79.0,82.0,82.0,73.0,50.0,22.0,6.0,0.0,0.0
1340,Bahrain,BHR,1958,1710.0,77.0,43.0,58.0,65.0,70.0,74.0,76.00001,70.0,70.0,70.0,74.0,80.00001,81.0,83.00001,76.00001,52.0,25.0,6.0,0.0,0.0
1341,Bahrain,BHR,1959,1638.0,73.0,41.0,57.0,63.0,70.0,72.0,77.0,70.0,70.0,70.0,74.0,81.0,82.0,85.00001,76.00001,53.0,25.0,7.0,0.0,0.0
1342,Bahrain,BHR,1960,1561.0,72.0,38.0,53.999996,62.0,65.0,67.0,74.99999,67.0,70.0,70.0,74.99999,82.0,84.00001,85.00001,76.00001,54.0,25.0,7.0,0.0,0.0
1343,Bahrain,BHR,1961,1482.0,70.0,36.0,53.999996,58.0,62.0,63.0,73.0,68.0,69.00001,70.0,76.0,82.0,85.00001,85.00001,78.0,58.0,25.0,8.0,0.0,0.0
1344,Bahrain,BHR,1962,1398.9999,69.0,33.0,51.0,57.0,60.000004,61.0,68.0,68.0,68.0,71.0,76.0,83.00001,86.0,85.00001,80.0,59.0,27.0,8.0,0.0,0.0
1345,Bahrain,BHR,1963,1314.0,65.0,32.0,48.0,53.999996,55.0,57.0,65.0,68.0,67.0,71.0,77.0,83.00001,89.0,86.0,81.0,59.0,28.0,9.000001,0.0,0.0
1346,Bahrain,BHR,1964,1231.0001,62.0,31.0,46.0,51.0,51.0,53.0,60.000004,65.0,66.0,72.0,77.0,83.00001,89.99999,89.99999,83.00001,60.000004,29.000002,9.000001,1.0,0.0
1347,Bahrain,BHR,1965,1144.0,60.0,29.0,41.0,49.999996,48.0,49.999996,57.0,64.0,65.0,72.0,77.0,84.00001,91.0,91.0,84.0,60.000004,30.000002,9.000001,1.0,0.0
1348,Bahrain,BHR,1966,1056.0,57.0,26.999998,38.000004,44.999996,44.999996,45.999996,52.0,61.0,65.0,72.0,78.0,85.0,91.99999,92.99999,86.0,62.0,31.0,9.000001,1.0,0.0
1349,Bahrain,BHR,1967,968.0,55.0,26.999998,36.000004,44.0,41.0,42.0,48.0,59.0,65.0,70.0,78.0,86.0,92.99999,95.0,86.0,63.0,31.0,9.000001,1.0,0.0
1350,Bahrain,BHR,1968,881.0,51.0,26.0,34.0,39.0,39.0,38.000004,44.999996,53.999996,65.0,69.0,79.0,87.0,94.0,99.0,88.0,65.0,32.0,9.000001,1.0,0.0
1351,Bahrain,BHR,1969,764.0,48.0,25.0,33.0,38.000004,36.000004,36.000004,42.0,49.999996,62.0,67.0,75.0,84.00001,91.99999,99.0,95.0,72.00001,37.0,12.0,1.0,0.0
1352,Bahrain,BHR,1970,655.99994,43.0,22.0,33.0,35.0,35.0,35.0,40.000004,47.0,58.0,64.0,72.0,80.00001,89.99999,99.99999,102.0,78.0,42.999996,16.0,2.0,0.0
1353,Bahrain,BHR,1971,565.0,38.0,22.0,32.0,35.0,32.0,33.0,38.000004,42.999996,53.999996,63.0,67.0,76.00001,85.0,96.99999,107.99999,86.0,51.0,20.0,5.0000005,0.0
1354,Bahrain,BHR,1972,518.0,35.0,22.0,33.0,35.0,32.0,32.0,37.0,42.999996,52.0,62.0,67.0,75.0,86.0,96.0,109.0,89.0,52.0,20.0,5.0000005,0.0
1355,Bahrain,BHR,1973,482.99997,32.0,22.0,34.0,38.000004,32.0,31.0,36.000004,42.0,51.0,62.0,69.00001,75.0,86.0,96.99999,107.99999,91.0,52.0,20.0,5.0000005,0.0
1356,Bahrain,BHR,1974,454.0,31.0,19.000002,36.000004,40.000004,33.0,30.000002,35.0,42.0,51.0,61.0,70.0,75.0,88.0,98.0,107.0,92.0,51.0,20.0,5.0000005,0.0
1357,Bahrain,BHR,1975,430.0,27.0,19.000002,35.0,42.0,35.0,30.000002,35.0,42.0,51.0,61.0,72.0,75.0,88.0,100.99999,105.0,94.0,52.0,20.0,5.0000005,1.0
1358,Bahrain,BHR,1976,410.00003,26.0,18.0,35.0,44.999996,37.0,32.0,35.0,42.0,52.0,62.0,72.0,76.0,89.0,103.0,105.0,94.0,52.0,20.0,4.0,1.0
1359,Bahrain,BHR,1977,389.0,26.0,17.0,34.0,44.999996,40.0,35.0,35.0,42.0,52.0,62.0,73.0,78.0,88.0,104.0,105.0,94.0,55.0,20.0,5.0000005,1.0
1360,Bahrain,BHR,1978,369.00003,26.0,17.0,33.0,47.0,42.999996,35.0,36.000004,42.999996,53.0,64.0,75.0,80.00001,88.0,107.0,107.99999,94.0,55.0,20.0,5.0000005,1.0
1361,Bahrain,BHR,1979,350.00003,26.0,15.000001,31.0,47.0,44.999996,37.0,37.0,44.0,55.0,66.0,76.00001,82.0,88.0,105.0,110.0,92.99999,59.0,20.0,5.0000005,1.0
1362,Bahrain,BHR,1980,335.0,26.0,14.0,29.000002,46.0,47.0,41.0,40.000004,44.0,56.0,67.0,78.0,84.00001,86.0,105.0,112.0,92.99999,59.0,20.0,5.0000005,1.0
1363,Bahrain,BHR,1981,321.0,25.0,14.0,28.0,44.999996,49.0,44.0,40.000004,47.0,59.0,69.0,79.0,87.0,88.0,103.0,116.0,93.0,58.0,21.0,5.0000005,1.0
1364,Bahrain,BHR,1982,312.0,25.0,14.0,28.0,44.0,49.999996,44.999996,40.000004,47.0,59.0,71.0,82.0,89.99999,91.0,102.0,117.0,95.0,60.0,22.0,5.0000005,1.0
1365,Bahrain,BHR,1983,308.0,25.0,13.0,28.0,44.0,49.999996,45.999996,42.0,47.0,59.0,72.0,84.00001,92.99999,98.0,103.0,117.0,98.0,60.0,22.0,5.0000005,1.0
1366,Bahrain,BHR,1984,308.0,25.0,13.0,28.0,44.0,49.999996,48.0,44.999996,47.0,59.0,73.0,86.0,96.0,103.0,105.0,117.0,102.0,61.0,23.0,5.0000005,1.0
1367,Bahrain,BHR,1985,313.0,25.0,13.0,28.0,44.0,49.999996,49.999996,45.999996,47.0,59.0,75.0,89.0,99.0,107.99999,107.99999,117.0,106.0,62.0,26.0,5.0000005,1.0
1368,Bahrain,BHR,1986,316.0,25.0,13.0,27.0,44.0,49.999996,49.999996,48.0,47.0,59.0,74.0,91.0,100.99999,112.0,113.0,117.0,109.0,65.0,26.0,5.0000005,1.0
1369,Bahrain,BHR,1987,318.00003,24.0,13.0,27.0,44.0,53.0,55.0,49.999996,49.0,60.000004,75.0,92.99999,104.0,115.0,121.0,120.00001,112.0,69.0,27.0,5.0000005,1.0
1370,Bahrain,BHR,1988,319.0,25.0,13.0,26.0,42.999996,53.0,55.0,53.0,49.999996,60.000004,75.0,95.0,107.99999,117.0,128.0,124.0,114.0,72.0,27.0,6.0,1.0
1371,Bahrain,BHR,1989,322.0,27.0,13.0,24.0,42.999996,53.0,60.000004,56.0,55.0,61.0,76.00001,95.0,112.0,118.0,133.0,129.00002,118.0,75.0,28.0,6.0,1.0
1372,Bahrain,BHR,1990,318.0,27.0,13.0,24.0,41.0,53.999996,60.000004,60.000004,56.0,61.0,77.0,96.0,114.0,121.0,140.0,137.00002,120.00001,76.0,29.0,6.0,1.0
1373,Bahrain,BHR,1991,308.0,28.0,13.0,22.0,38.000004,53.999996,64.0,65.0,60.000004,61.0,78.0,94.0,118.0,124.0,143.0,145.0,123.0,76.0,29.0,6.0,1.0
1374,Bahrain,BHR,1992,297.0,28.0,14.0,22.0,36.0,53.0,66.0,69.00001,65.0,65.0,79.0,92.99999,120.00001,129.00002,143.0,153.0,128.0,74.0,26.0,6.0,1.0
1375,Bahrain,BHR,1993,283.99997,28.0,16.0,25.0,35.0,51.0,64.0,70.0,70.0,70.0,80.0,95.0,121.0,137.00002,146.0,162.0,134.0,78.0,28.0,6.0,1.0
1376,Bahrain,BHR,1994,262.0,28.0,16.0,26.0,35.0,49.0,62.0,73.0,74.99999,72.0,78.0,98.0,120.00001,141.0,152.0,169.0,142.0,82.0,28.0,6.0,1.0
1377,Bahrain,BHR,1995,241.00002,25.0,16.0,27.0,36.000004,46.0,60.000004,73.0,78.0,77.0,79.0,99.99999,118.0,145.0,158.0,176.0,148.0,86.0,28.0,6.0,1.0
1378,Bahrain,BHR,1996,222.0,25.0,16.0,27.0,38.000004,46.0,59.0,73.0,82.0,83.00001,81.0,102.0,116.0,147.0,164.99998,181.0,154.0,88.0,28.0,5.0000005,1.0
1379,Bahrain,BHR,1997,206.99998,24.0,16.0,27.0,39.0,44.999996,57.0,73.0,85.0,88.0,84.00001,100.99999,117.0,146.0,171.0,183.0,161.0,91.0,30.000002,5.0000005,1.0
1380,Bahrain,BHR,1998,195.00002,21.0,15.000001,27.0,39.0,44.999996,56.0,72.0,86.0,94.0,85.00001,99.0,115.0,144.0,176.0,185.99998,167.0,95.0,31.0,5.0000005,0.0
1381,Bahrain,BHR,1999,187.0,21.0,14.0,26.0,41.0,45.999996,56.0,71.0,88.0,98.0,91.0,99.0,116.0,137.0,178.0,192.0,173.00002,97.0,35.0,5.0000005,0.0
1382,Bahrain,BHR,2000,175.0,21.0,14.0,26.0,41.0,45.999996,56.0,69.0,89.0,99.99999,92.99999,94.0,116.0,136.0,176.0,195.00002,178.0,102.0,35.0,4.0,0.0
1383,Bahrain,BHR,2001,163.99998,22.0,14.0,26.0,38.000004,47.0,56.0,69.0,90.0,104.0,99.0,94.0,116.0,134.0,174.0,199.0,178.0,105.00001,36.0,5.0,0.0
1384,Bahrain,BHR,2002,166.00002,21.0,16.0,30.000002,42.0,49.0,59.0,69.0,90.0,109.0,107.0,98.0,118.0,139.0,174.0,206.0,184.0,109.0,37.0,6.0,0.0
1385,Bahrain,BHR,2003,176.0,20.0,16.0,35.0,49.999996,52.0,60.000004,72.0,92.0,116.0,118.0,105.0,119.0,146.0,180.0,213.0,192.0,115.0,39.0,7.0,0.0
1386,Bahrain,BHR,2004,183.00002,20.0,16.0,39.0,59.0,56.0,64.0,74.0,93.0,122.0,129.00002,113.0,121.0,155.0,187.0,219.0,197.0,121.00001,43.0,7.0,0.0
1387,Bahrain,BHR,2005,184.0,20.0,16.0,40.0,68.0,60.000004,67.0,77.0,96.0,128.0,140.0,126.0,123.0,164.0,194.0,222.0,201.0,127.00001,48.0,8.0,0.0
1388,Bahrain,BHR,2006,180.0,20.0,16.0,41.0,73.0,66.0,70.0,80.00001,97.0,134.0,151.0,141.0,128.0,171.0,204.0,222.0,204.0,134.0,53.000004,11.0,1.0
1389,Bahrain,BHR,2007,175.00002,20.0,17.0,38.0,76.00001,73.0,75.0,83.00001,100.99999,137.0,163.0,157.0,135.0,173.00002,212.0,219.0,204.0,142.0,60.999996,13.0,2.0
1390,Bahrain,BHR,2008,171.0,20.0,17.0,38.0,75.0,79.0,80.00001,87.0,106.0,141.0,175.0,174.0,143.0,174.0,218.0,215.0,204.0,148.0,71.0,19.000002,2.0
1391,Bahrain,BHR,2009,166.00002,20.0,17.0,36.0,72.00001,85.00001,87.0,92.99999,111.0,144.0,183.0,189.0,154.0,172.0,220.0,217.0,201.99998,154.0,81.0,26.0,3.0
1392,Bahrain,BHR,2010,163.0,20.0,17.0,35.0,64.0,87.0,94.0,100.99999,117.0,149.0,193.0,204.0,169.0,174.0,216.0,216.0,199.0,163.0,95.0,36.0,4.0
1393,Bahrain,BHR,2011,158.0,20.0,16.0,35.0,60.000004,83.00001,91.99999,99.99999,115.0,146.0,190.0,209.0,174.0,176.0,209.0,207.0,191.0,162.0,98.00001,40.0,6.0
1394,Bahrain,BHR,2012,153.0,19.000002,16.0,35.0,58.0,80.00001,91.0,96.99999,111.0,140.0,182.00002,207.0,181.0,172.0,208.0,201.0,190.0,164.0,103.0,45.0,7.0
1395,Bahrain,BHR,2013,154.0,18.000002,15.000001,33.0,56.0,80.0,96.0,99.99999,114.0,140.0,177.0,212.00002,191.0,177.0,203.0,201.0,189.0,169.0,111.0,47.0,8.0
1396,Bahrain,BHR,2014,159.00002,19.000002,16.0,31.999998,55.0,79.0,96.0,104.0,115.0,142.0,184.0,238.0,227.0,210.0,224.0,221.0,213.0,189.0,125.0,56.0,10.0
1397,Bahrain,BHR,2015,161.00002,21.0,17.0,33.0,53.0,77.0,96.99999,105.0,118.0,148.0,189.0,252.0,252.0,229.0,231.0,232.0,226.00002,203.00002,134.0,60.999996,12.0
1398,Bahrain,BHR,2016,157.0,21.0,17.0,32.0,53.0,80.0,104.0,112.0,125.0,154.0,191.0,250.99998,250.0,226.0,220.0,224.0,222.0,198.0,130.0,58.000004,13.0
1399,Bahrain,BHR,2017,153.0,21.0,17.0,32.0,53.0,85.0,109.0,117.0,128.0,157.0,195.0,256.0,265.00003,248.0,223.0,234.0,235.0,208.0,134.0,59.0,14.0
1400,Bahrain,BHR,2018,149.0,21.0,17.0,31.0,52.0,84.0,110.0,120.00001,131.0,160.0,199.0,259.0,282.0,268.0,233.00002,245.0,250.99998,219.0,139.0,60.999996,14.0
1401,Bahrain,BHR,2019,140.0,21.0,17.0,31.0,50.0,75.0,106.0,117.0,129.00002,160.0,201.0,260.0,297.0,287.0,243.0,262.0,269.0,235.0,147.0,62.0,15.0
1402,Bahrain,BHR,2020,177.0,22.0,15.000001,39.0,49.0,57.0,118.0,149.99998,156.0,195.0,250.0,356.0,408.99997,379.0,333.0,292.99997,312.0,270.0,166.00002,67.0,17.0
1403,Bahrain,BHR,2021,130.0,20.0,17.0,35.0,60.000004,88.0,116.0,126.0,155.99998,210.00002,262.0,362.0,431.99997,431.99997,372.0,372.0,380.0,352.0,201.0,71.0,18.0
1404,Bahrain,BHR,2022,130.0,20.000002,17.0,35.0,57.0,80.0,99.0,96.99999,107.99999,146.0,173.00002,238.0,303.0,322.99997,280.0,312.0,324.0,268.0,147.0,46.0,6.0
1405,Bahrain,BHR,2023,122.0,20.000002,20.000002,30.000002,51.0,67.0,95.0,105.0,121.0,167.0,196.0,239.0,285.0,319.0,267.0,301.0,324.0,285.99997,182.0,74.0,10.0
8658,Kuwait,KWT,1950,1482.0,47.0,25.0,45.0,68.0,72.0,62.0,57.0,44.0,55.0,63.0,49.999996,65.0,95.0,94.0,71.0,33.0,13.0,4.0,0.0,0.0
8659,Kuwait,KWT,1951,1491.0,47.0,25.0,42.0,64.0,72.0,63.0,59.0,46.0,53.0,63.0,53.999996,63.0,94.0,98.0,76.0,36.0,14.0,2.0,0.0,0.0
8660,Kuwait,KWT,1952,1487.0,48.0,26.0,39.0,60.000004,69.00001,64.0,60.000004,49.0,51.0,66.0,60.000004,60.000004,91.0,103.0,79.0,40.0,14.0,2.0,0.0,0.0
8661,Kuwait,KWT,1953,1472.0,48.0,25.0,36.000004,55.0,68.0,65.0,60.000004,53.0,49.0,65.0,64.0,61.0,88.0,107.0,84.0,45.0,14.0,3.0,0.0,0.0
8662,Kuwait,KWT,1954,1453.0,49.0,24.0,35.0,50.0,65.0,65.0,61.0,56.0,48.0,64.0,72.0,59.0,84.0,110.0,89.0,49.000004,16.0,3.0,0.0,0.0
8663,Kuwait,KWT,1955,1425.0,49.0,24.0,34.0,46.0,59.0,63.0,61.0,58.0,48.0,64.0,73.0,62.0,81.0,111.0,93.0,52.0,17.0,4.0,0.0,0.0
8664,Kuwait,KWT,1956,1510.9999,50.0,24.0,37.0,51.0,66.0,70.0,68.0,65.0,56.0,65.0,82.0,71.0,84.0,116.0,105.0,59.0,18.0,4.0,0.0,0.0
8665,Kuwait,KWT,1957,1635.0001,48.0,23.0,38.000004,55.0,70.0,74.99999,74.99999,70.0,64.0,70.0,87.0,81.0,86.0,120.00001,116.0,65.0,22.0,4.0,0.0,0.0
8666,Kuwait,KWT,1958,1719.9999,48.0,23.0,39.0,55.0,70.0,77.0,79.0,74.99999,71.0,71.0,91.0,94.0,88.0,119.0,125.0,73.0,23.0,5.0000005,0.0,0.0
8667,Kuwait,KWT,1959,1803.9999,51.0,23.0,42.999996,59.0,73.0,79.0,83.00001,80.00001,77.0,71.0,92.99999,102.0,94.0,122.0,135.0,80.0,26.0,5.0000005,0.0,0.0
8668,Kuwait,KWT,1960,1873.0,53.0,23.0,44.0,62.0,74.99999,83.00001,85.00001,81.0,81.0,72.0,92.99999,111.0,103.0,125.0,141.0,89.99999,28.0,5.0000005,0.0,0.0
8669,Kuwait,KWT,1961,1932.0,56.0,23.0,45.0,65.0,78.0,84.00001,88.0,85.00001,85.00001,77.0,93.0,118.0,113.0,130.0,148.99998,100.0,32.0,6.0,0.0,0.0
8670,Kuwait,KWT,1962,1984.0,59.0,23.0,46.0,68.0,79.0,85.0,89.99999,89.0,89.0,81.0,92.0,122.0,129.00002,135.0,154.0,109.0,37.0,8.0,0.0,0.0
8671,Kuwait,KWT,1963,2037.0,62.0,23.0,49.0,72.0,80.00001,84.00001,89.99999,89.99999,91.99999,89.0,91.0,121.0,138.0,135.0,155.0,119.0,41.0,8.0,0.0,0.0
8672,Kuwait,KWT,1964,2082.0,65.0,23.0,50.0,74.0,80.00001,84.00001,89.99999,92.99999,95.0,96.0,92.0,120.00001,147.0,140.0,156.0,128.0,45.0,9.000001,0.0,0.0
8673,Kuwait,KWT,1965,2127.0,65.0,25.0,51.0,74.0,80.00001,82.0,89.99999,92.99999,99.99999,100.99999,95.0,119.0,152.0,145.0,156.0,135.0,49.000004,10.000001,0.0,0.0
8674,Kuwait,KWT,1966,2166.0,65.0,25.0,53.0,75.0,80.00001,82.0,89.0,94.0,99.99999,106.0,99.0,119.0,154.0,153.0,157.0,140.0,57.0,11.0,1.0,0.0
8675,Kuwait,KWT,1967,2240.0,66.0,26.0,53.0,74.0,78.0,79.0,87.0,94.0,104.0,110.0,105.0,117.0,158.0,171.99998,169.0,148.0,62.0,12.0,1.0,0.0
8676,Kuwait,KWT,1968,2314.0002,70.0,28.0,52.0,73.0,78.0,77.0,86.0,96.0,107.99999,114.0,114.0,116.0,160.0,190.0,183.0,156.0,68.0,14.0,1.0,0.0
8677,Kuwait,KWT,1969,2372.0,71.0,28.0,54.0,73.0,77.0,77.0,85.0,96.99999,111.0,117.0,122.0,116.0,164.0,208.0,199.0,168.0,75.0,16.0,1.0,0.0
8678,Kuwait,KWT,1970,2389.9998,74.0,31.0,55.0,74.0,78.0,77.0,86.0,99.0,116.0,125.0,132.0,122.0,166.0,222.0,215.0,177.0,78.0,18.000002,2.0,0.0
8679,Kuwait,KWT,1971,2363.0,77.0,31.0,55.0,75.0,79.0,78.0,87.0,100.99999,122.0,133.0,142.0,131.0,167.0,232.0,232.0,190.0,83.00001,20.0,2.0,0.0
8680,Kuwait,KWT,1972,2323.0,79.0,34.0,60.000004,77.00001,81.0,82.0,91.0,107.0,130.0,143.0,152.0,144.0,170.0,240.00002,249.0,199.0,89.0,23.0,2.0,0.0
8681,Kuwait,KWT,1973,2280.0,83.0,37.0,65.0,82.0,85.00001,87.0,96.0,115.0,139.0,156.0,164.0,160.0,171.99998,247.0,267.00003,208.0,95.0,26.0,2.0,0.0
8682,Kuwait,KWT,1974,2235.0002,84.0,40.0,72.0,88.0,89.99999,92.99999,102.0,121.0,150.0,169.0,177.0,179.0,180.0,252.0,286.0,217.0,102.0,26.0,3.0,0.0
8683,Kuwait,KWT,1975,2193.0,89.0,44.0,79.0,96.0,98.0,99.0,109.0,131.0,162.0,184.0,195.00002,197.0,192.0,258.00003,301.0,226.0,111.0,31.0,4.0,0.0
8684,Kuwait,KWT,1976,2154.0,93.0,48.0,88.0,103.0,105.0,107.0,117.0,138.0,173.00002,200.0,210.0,216.0,209.0,265.0,314.0,242.0,120.00001,31.0,4.0,0.0
8685,Kuwait,KWT,1977,2082.0,97.0,49.000004,94.0,117.0,118.0,119.0,131.0,152.00002,184.0,210.00002,222.0,223.0,216.0,252.99998,306.0,255.0,125.0,33.0,4.0,0.0
8686,Kuwait,KWT,1978,2000.0,99.0,52.0,99.0,130.0,132.0,134.0,145.0,164.0,197.0,220.0,232.0,229.0,224.0,243.0,296.0,266.0,129.00002,36.0,5.0000005,0.0
8687,Kuwait,KWT,1979,1906.0,101.0,53.999996,100.0,141.0,144.0,146.0,158.0,177.0,210.00002,231.0,240.00002,234.99998,233.0,234.0,287.0,273.0,136.0,39.0,6.0,0.0
8688,Kuwait,KWT,1980,1814.9999,103.0,53.999996,102.0,147.0,155.0,157.0,171.0,190.0,220.0,242.0,250.0,242.0,241.0,230.0,276.0,273.0,146.0,44.0,7.0,0.0
8689,Kuwait,KWT,1981,1712.0,102.0,57.0,102.0,150.0,160.00002,165.0,178.99998,201.0,232.0,252.99998,260.0,250.99998,249.0,231.0,263.0,269.0,154.0,47.000004,7.0,1.0
8690,Kuwait,KWT,1982,1628.0,99.0,56.0,100.0,149.0,166.00002,173.00002,185.99998,206.0,238.0,258.00003,266.0,259.0,252.99998,239.0,252.0,263.0,164.99998,51.0,8.0,1.0
8691,Kuwait,KWT,1983,1544.0,96.0,53.999996,97.0,149.0,171.0,178.99998,190.0,212.0,244.0,263.0,273.0,264.0,256.0,250.99998,240.00002,258.0,173.00002,52.0,8.0,1.0
8692,Kuwait,KWT,1984,1459.0,94.0,52.0,95.0,145.0,174.0,181.0,194.0,216.0,247.0,267.0,278.0,271.0,259.0,260.0,234.0,248.0,180.0,56.0,11.0,1.0
8693,Kuwait,KWT,1985,1347.0,91.0,52.0,91.0,135.0,169.0,180.0,194.0,218.0,250.99998,275.0,287.0,280.0,267.0,272.0,235.0,243.0,180.0,61.0,11.0,1.0
8694,Kuwait,KWT,1986,1259.0,88.0,51.0,87.0,129.00002,164.0,180.0,194.0,219.0,255.0,279.0,292.99997,287.0,275.0,280.0,242.0,236.0,181.0,66.0,11.0,1.0
8695,Kuwait,KWT,1987,1166.9999,88.0,49.999996,84.0,115.0,147.0,171.0,192.0,225.0,269.0,300.0,320.0,317.0,305.0,303.0,264.0,229.0,180.0,71.0,12.0,1.0
8696,Kuwait,KWT,1988,1093.0,88.0,49.999996,84.0,105.0,131.0,162.0,190.0,230.0,283.0,322.0,348.0,350.0,338.0,329.99997,292.0,228.0,177.0,76.0,12.0,1.0
8697,Kuwait,KWT,1989,1027.0001,87.0,51.0,83.00001,96.0,116.0,152.00002,188.0,234.0,295.00003,345.0,378.0,384.0,374.0,359.0,321.0,232.00002,176.0,80.0,15.000001,1.0
8698,Kuwait,KWT,1990,1103.0,131.0,78.0,192.0,299.0,342.0,417.0,436.99997,436.0,457.00003,465.0,481.0,468.99997,446.0,416.0,360.0,248.0,177.0,84.0,16.0,1.0
8699,Kuwait,KWT,1991,434.0,40.0,28.0,99.0,164.0,156.0,196.00002,221.0,227.0,238.0,245.0,258.00003,250.99998,245.99998,231.0,198.0,134.0,81.0,39.0,10.000001,1.0
8700,Kuwait,KWT,1992,587.0,55.0,36.0,59.0,64.0,61.0,84.0,123.0,172.0,233.0,288.0,331.0,346.00003,350.0,339.00003,292.0,203.0,114.0,56.0,13.0,1.0
8701,Kuwait,KWT,1993,588.0,54.0,37.0,64.0,70.0,61.0,83.00001,128.0,185.0,257.0,319.0,370.0,390.00003,399.0,386.0,327.0,233.0,119.0,57.0,16.0,1.0
8702,Kuwait,KWT,1994,613.00006,53.0,33.0,59.0,77.0,89.99999,103.0,134.0,175.0,228.0,275.0,319.0,319.0,324.0,335.0,300.0,229.99998,126.0,57.0,15.000001,1.0
8703,Kuwait,KWT,1995,628.0,57.0,28.0,48.0,73.0,115.0,132.0,152.0,173.00002,199.0,219.00002,254.00002,236.0,218.00002,247.00002,250.0,211.0,132.0,56.0,15.000001,2.0
8704,Kuwait,KWT,1996,617.0,59.0,31.0,50.0,76.00001,122.0,147.0,164.0,185.0,206.0,213.0,241.0,228.0,194.0,220.0,238.0,208.0,136.0,58.000004,15.000001,2.0
8705,Kuwait,KWT,1997,598.0,58.000004,33.0,58.0,83.00001,120.00001,153.0,171.0,199.0,222.0,231.0,252.99998,254.00002,218.00002,231.0,252.0,219.0,144.0,60.999996,15.000001,2.0
8706,Kuwait,KWT,1998,578.0,57.0,36.0,65.0,92.99999,117.0,157.0,175.0,209.0,237.0,245.99998,261.0,273.0,241.0,244.0,266.0,229.0,152.0,62.0,15.000001,2.0
8707,Kuwait,KWT,1999,566.0,54.0,36.0,67.0,102.0,118.0,157.0,177.0,215.0,248.0,259.0,270.0,284.0,263.0,258.0,279.0,242.0,160.0,66.0,16.0,2.0
8708,Kuwait,KWT,2000,558.0,53.000004,36.0,68.0,107.99999,120.00001,156.0,178.0,218.0,255.99998,271.0,277.0,289.0,281.00003,276.0,291.0,256.0,169.0,71.0,16.0,2.0
8709,Kuwait,KWT,2001,555.0,51.0,36.0,68.0,111.0,125.0,154.0,181.0,221.0,265.0,281.00003,289.0,291.0,295.00003,295.00003,302.0,273.0,179.0,77.0,16.0,2.0
8710,Kuwait,KWT,2002,553.00006,51.0,34.0,67.0,114.0,131.0,154.0,183.0,222.99998,274.0,292.99997,299.99997,295.00003,301.0,315.0,317.0,289.0,191.0,83.00001,17.0,2.0
8711,Kuwait,KWT,2003,554.0,50.0,33.0,66.0,114.0,140.0,158.0,190.0,228.0,287.0,308.0,312.0,300.0,304.00003,336.00003,335.0,306.99997,205.0,89.0,19.000002,2.0
8712,Kuwait,KWT,2004,556.0,50.0,32.0,64.0,110.0,151.0,166.00002,199.0,239.0,301.0,327.0,326.0,310.0,299.0,351.0,356.0,324.0,218.0,95.0,23.0,2.0
8713,Kuwait,KWT,2005,552.0,49.000004,31.0,62.0,107.0,158.0,177.0,211.0,252.0,316.0,348.0,343.0,320.99997,295.0,356.0,382.0,341.0,233.0,103.0,27.0,2.0
8714,Kuwait,KWT,2006,565.0,49.000004,33.0,66.0,115.0,166.00002,188.0,225.0,270.0,333.0,372.0,362.0,338.0,315.0,359.0,400.0,357.99997,252.0,121.0,31.000002,3.0
8715,Kuwait,KWT,2007,573.0,49.000004,34.0,72.0,129.00002,174.0,198.0,232.0,285.0,346.00003,397.0,380.0,354.0,345.0,373.0,416.0,369.00003,271.0,143.0,39.0,3.0
8716,Kuwait,KWT,2008,577.0,49.000004,36.0,77.0,143.0,183.0,205.0,237.0,296.0,357.0,415.0,394.0,364.0,370.0,393.0,429.00003,378.0,285.0,162.0,55.0,4.0
8717,Kuwait,KWT,2009,582.0,50.0,37.0,80.0,154.0,192.0,208.0,235.0,300.0,360.0,422.0,405.0,371.0,387.0,420.0,445.0,383.00003,292.99997,175.0,82.0,7.0
8718,Kuwait,KWT,2010,578.0,53.000004,39.0,83.0,159.00002,200.0,211.0,232.0,296.0,361.0,420.00003,407.0,376.0,394.0,448.0,460.0,393.0,292.0,192.0,117.0,11.0
8719,Kuwait,KWT,2011,584.0,55.0,41.0,88.0,157.0,208.0,214.0,228.0,289.0,357.0,414.0,405.0,377.0,394.0,472.0,480.00003,408.0,286.0,205.0,156.99998,19.0
8720,Kuwait,KWT,2012,589.00006,56.0,42.0,95.0,144.0,201.99998,214.0,268.0,302.0,366.0,430.0,429.0,405.0,425.0,496.0,530.0,495.0,355.00003,163.0,47.000004,11.0
8721,Kuwait,KWT,2013,578.0,58.000004,44.0,100.0,139.0,200.0,217.0,263.0,313.0,373.00003,442.0,443.00003,435.0,453.0,520.0,580.0,540.0,387.0,180.0,51.000004,8.0
8722,Kuwait,KWT,2014,582.0,61.0,44.0,100.99999,137.0,200.0,221.0,258.0,324.0,378.00003,447.0,454.99997,459.0,480.0,545.0,628.0,586.0,423.0,199.0,55.0,6.0
8723,Kuwait,KWT,2015,562.0,62.0,45.0,102.0,143.0,201.99998,231.0,262.0,340.0,385.0,457.0,466.00003,480.0,507.00003,578.0,680.0,637.0,466.0,218.00002,62.0,6.0
8724,Kuwait,KWT,2016,543.0,64.0,48.0,99.0,151.00002,201.99998,233.0,262.0,359.0,390.0,472.0,483.0,496.0,544.0,625.0,757.0,726.0,531.0,250.0,70.0,6.0
8725,Kuwait,KWT,2017,537.0,67.0,49.000004,97.0,164.0,202.0,238.0,270.0,359.0,409.0,493.0,499.0,522.0,580.0,695.0,815.0,793.0,585.99994,276.00003,78.0,5.0
8726,Kuwait,KWT,2018,505.0,67.0,49.000004,96.0,175.00002,205.0,236.0,277.0,361.0,427.0,513.0,520.0,544.0,636.00006,775.0,887.0,889.0,662.0,309.0,87.0,6.0
8727,Kuwait,KWT,2019,481.0,69.0,50.0,96.0,182.00002,212.0,232.0,282.0,369.00003,453.0,551.0,557.00006,581.0,706.0,881.0,985.0,994.0,741.0,346.00003,98.00001,6.0
8728,Kuwait,KWT,2020,463.0,49.0,46.0,93.0,138.0,203.0,306.99997,430.0,616.0,751.00006,1013.99994,1031.0,1100.0,1213.0,1208.0,1132.0,1271.0,937.99994,395.0,84.0,6.0
8729,Kuwait,KWT,2021,400.0,61.0,53.0,82.0,107.0,129.00002,216.0,431.99997,662.0,978.00006,1086.0,1342.0,1362.0,1423.0,1438.0,1417.0,1384.0001,941.0,371.99997,80.0,5.0
8730,Kuwait,KWT,2022,436.00003,45.999996,60.000004,81.0,107.0,170.0,230.0,299.0,382.0,464.00003,570.0,627.0,646.0,698.0,789.99994,970.99994,1240.0,809.0,291.0,69.0,5.0
8731,Kuwait,KWT,2023,428.0,62.0,51.0,94.0,176.0,579.0,389.0,321.0,368.0,357.0,491.99997,496.0,426.0,546.0,742.0,965.00006,955.00006,722.0,350.0,103.0,6.0
12950,Oman,OMN,1950,11029.0,240.0,287.0,327.00003,380.0,373.0,355.00003,362.0,354.0,353.0,369.00003,353.0,324.0,307.0,308.0,239.0,120.00001,38.0,6.0,0.0,0.0
12951,Oman,OMN,1951,10917.0,250.99998,289.0,331.0,381.0,373.0,355.00003,361.0,354.0,353.0,372.0,357.99997,328.0,314.0,316.0,250.0,133.0,44.0,8.0,1.0,0.0
12952,Oman,OMN,1952,10926.001,262.0,288.0,334.99997,380.99997,373.0,355.00003,359.0,354.0,354.0,373.0,363.0,330.0,322.0,324.0,262.0,146.0,49.0,8.0,1.0,0.0
12953,Oman,OMN,1953,10918.0,260.0,290.0,340.0,382.0,373.0,355.00003,359.0,354.0,355.0,374.0,369.00003,335.0,328.0,333.0,273.0,159.00002,55.0,11.0,1.0,0.0
12954,Oman,OMN,1954,10896.999,258.0,292.0,343.0,383.00003,373.0,355.00003,357.99997,353.0,355.0,374.0,375.0,337.0,336.0,340.0,282.0,170.0,62.0,12.0,0.0,0.0
12955,Oman,OMN,1955,10844.0,262.0,295.0,346.00003,383.00003,371.0,354.0,355.00003,353.0,356.0,374.0,380.0,344.0,341.00003,348.0,291.0,180.0,69.0,15.000001,1.0,0.0
12956,Oman,OMN,1956,10771.999,268.0,297.0,349.0,384.0,370.0,352.0,355.00003,351.0,356.0,375.0,382.0,348.0,347.0,356.0,297.0,188.0,76.0,16.0,1.0,0.0
12957,Oman,OMN,1957,10686.0,271.0,297.0,355.00003,391.0,376.0,353.0,357.99997,350.0,356.0,378.0,384.0,356.0,352.0,366.0,305.0,196.0,82.0,21.0,2.0,0.0
12958,Oman,OMN,1958,10592.0,279.0,292.0,354.0,384.0,370.0,346.0,353.0,345.0,352.0,375.0,385.0,362.0,354.0,372.0,313.0,204.0,89.0,21.0,2.0,0.0
12959,Oman,OMN,1959,10475.0,293.0,280.0,356.0,386.0,370.0,343.0,350.0,341.00003,351.0,375.0,385.0,370.0,359.0,379.0,319.0,208.99998,94.0,23.0,3.0,0.0
12960,Oman,OMN,1960,10341.0,305.0,267.00003,361.0,385.0,366.99997,341.00003,346.0,337.0,348.0,375.0,387.0,374.0,363.0,385.0,326.0,216.0,99.0,26.0,4.0,0.0
12961,Oman,OMN,1961,10154.0,316.0,253.00002,363.0,382.0,365.0,336.00003,340.00003,334.0,345.0,370.0,387.0,378.0,368.0,389.0,333.0,222.0,104.0,29.0,4.0,0.0
12962,Oman,OMN,1962,9941.999,326.0,242.0,364.0,380.0,362.0,329.99997,335.0,329.99997,340.0,368.0,387.0,380.99997,376.00003,392.00003,340.0,227.0,108.0,31.0,5.0000005,0.0
12963,Oman,OMN,1963,9702.0,334.99997,237.0,355.00003,377.0,357.0,325.99997,329.0,325.99997,333.0,364.0,386.0,382.0,384.0,394.0,348.0,230.0,113.00001,33.0,5.0000005,0.0
12964,Oman,OMN,1964,9450.0,343.99997,236.0,338.0,376.00003,353.0,321.0,321.0,320.00003,327.00003,359.0,384.0,384.0,392.00003,399.0,352.0,235.0,115.0,35.0,6.0,0.0
12965,Oman,OMN,1965,9184.0,353.0,234.0,320.0,375.0,348.0,315.0,315.0,315.0,322.0,355.00003,383.00003,387.0,397.0,405.0,359.0,243.0,118.0,37.0,7.0,0.0
12966,Oman,OMN,1966,8908.999,361.0,233.00002,302.00003,373.00003,344.0,308.0,308.0,306.0,317.0,350.0,380.0,389.0,403.0,412.0,364.0,248.0,123.0,38.0,7.0,1.0
12967,Oman,OMN,1967,8620.0,368.0,228.0,287.0,369.00003,337.0,303.0,299.99997,299.99997,312.0,345.0,380.0,390.00003,410.0,421.0,368.0,255.0,125.0,41.0,7.0,1.0
12968,Oman,OMN,1968,8322.0,373.0,225.0,278.0,356.0,333.0,298.0,294.0,292.0,306.0,338.0,377.0,394.00003,414.0,431.99997,374.0,261.0,129.0,41.0,8.0,1.0
12969,Oman,OMN,1969,8014.0,378.0,221.0,276.0,335.0,326.0,292.0,287.0,286.0,300.0,333.0,374.0,396.0,420.00003,443.00003,380.0,267.00003,132.0,43.0,8.0,1.0
12970,Oman,OMN,1970,7733.0,386.0,220.0,278.0,321.0,332.0,290.0,284.0,281.00003,300.0,332.00003,374.0,403.0,428.0,454.99997,390.00003,273.0,137.0,44.0,9.000001,1.0
12971,Oman,OMN,1971,7423.0,389.0,215.99998,273.0,301.0,327.0,282.0,277.0,274.0,292.0,326.0,370.0,405.0,434.0,463.0,397.0,278.0,139.0,45.0,9.000001,1.0
12972,Oman,OMN,1972,7079.0,378.00003,210.0,284.0,320.0,359.0,300.0,287.0,280.0,295.0,327.00003,372.0,410.0,440.0,468.99997,406.00003,281.0,142.0,46.0,9.000001,1.0
12973,Oman,OMN,1973,6778.0005,375.0,205.0,280.0,308.0,341.00003,292.99997,280.0,271.0,287.0,322.00003,368.0,410.0,444.0,473.99997,417.0,284.0,145.0,47.0,10.000001,1.0
12974,Oman,OMN,1974,6486.0,369.00003,199.99998,273.0,305.0,314.0,287.0,271.0,265.0,280.0,317.0,363.0,409.0,449.0,478.0,427.0,289.0,148.0,48.0,10.000001,1.0
12975,Oman,OMN,1975,6279.0,361.0,195.0,270.0,306.0,297.0,288.0,267.00003,260.0,276.0,312.0,361.0,411.0,454.99997,486.0,438.0,295.0,150.0,48.0,11.0,1.0
12976,Oman,OMN,1976,6088.0005,352.0,186.0,243.0,257.0,243.0,255.0,241.0,241.0,260.0,300.0,352.0,405.0,454.99997,491.0,445.0,301.0,151.0,49.000004,11.0,1.0
12977,Oman,OMN,1977,5955.0,359.99997,188.0,243.0,257.0,237.0,255.0,242.0,241.0,260.0,300.0,354.0,410.0,462.0,500.0,456.0,312.0,153.0,49.000004,11.0,1.0
12978,Oman,OMN,1978,5737.0,325.0,171.0,232.0,252.0,233.0,246.0,237.99998,236.99998,256.0,295.00003,353.0,409.0,464.0,505.0,464.0,321.0,153.0,51.0,11.0,1.0
12979,Oman,OMN,1979,5562.0,312.0,163.0,227.0,249.0,233.0,234.0,237.99998,236.99998,256.0,295.00003,354.0,411.0,470.0,513.0,472.0,333.0,158.0,51.0,11.0,1.0
12980,Oman,OMN,1980,5375.0,297.0,156.0,217.0,245.0,234.0,223.0,239.0,236.0,256.0,295.00003,353.0,412.0,474.0,520.0,483.0,343.0,161.0,52.0,11.0,1.0
12981,Oman,OMN,1981,5179.0,288.00003,149.0,212.00002,241.0,231.0,212.0,239.0,235.0,256.0,295.00003,355.00003,416.0,478.0,527.0,493.0,354.0,165.0,54.0,11.0,1.0
12982,Oman,OMN,1982,4926.0,272.0,140.0,203.00002,234.0,228.0,205.0,236.99998,236.0,257.0,295.00003,356.0,419.0,481.0,534.00006,505.0,362.0,173.00002,54.0,11.0,1.0
12983,Oman,OMN,1983,4661.0005,261.0,132.0,194.0,228.0,223.0,202.0,233.0,236.0,260.0,297.0,356.0,423.0,485.0,543.0,515.0,374.0,181.0,57.0,11.0,1.0
12984,Oman,OMN,1984,4385.0,250.0,125.0,187.0,222.0,220.0,200.0,221.0,237.99998,261.0,300.0,357.99997,427.0,491.0,551.0,527.0,386.0,189.0,57.0,11.0,1.0
12985,Oman,OMN,1985,4100.0,242.00002,120.0,179.0,215.0,215.0,199.99998,213.0,241.0,265.00003,305.0,361.0,432.0,496.0,558.0,539.0,398.0,198.0,59.0,11.0,1.0
12986,Oman,OMN,1986,3752.0,235.0,117.0,178.99998,218.00002,219.00002,207.0,215.0,245.99998,269.0,308.0,363.0,434.0,501.0,564.0,553.00006,422.0,212.0,64.0,12.0,1.0
12987,Oman,OMN,1987,3403.0,228.0,117.0,178.99998,220.0,223.0,216.0,220.0,254.00002,277.0,316.0,368.0,436.0,507.00003,568.0,566.0,443.00003,232.00002,67.0,12.0,1.0
12988,Oman,OMN,1988,3072.0,220.0,113.0,178.99998,220.0,226.00002,223.0,230.0,261.0,286.0,324.0,374.0,440.0,514.0,575.0,580.0,466.0,257.0,76.0,13.0,1.0
12989,Oman,OMN,1989,2774.0002,212.00002,113.0,177.0,220.0,227.0,229.0,242.0,267.0,300.0,336.0,382.0,446.0,520.0,582.0,591.0,486.0,285.0,86.0,13.0,1.0
12990,Oman,OMN,1990,2503.0,201.99998,110.0,176.0,220.0,227.0,235.0,254.00002,278.0,315.0,349.0,395.0,453.0,530.0,592.0,600.0,505.99997,314.0,106.0,15.000001,1.0
12991,Oman,OMN,1991,2251.0,190.0,109.0,174.0,219.00002,225.00002,240.0,263.0,291.0,335.0,366.0,410.0,463.0,538.0,603.0,611.0,525.0,344.0,131.00002,17.0,1.0
12992,Oman,OMN,1992,2020.9999,179.0,107.0,169.0,217.0,225.00002,242.0,271.0,306.0,354.0,383.00003,427.0,476.0,549.0,618.0,620.0,542.0,372.0,164.0,22.0,1.0
12993,Oman,OMN,1993,1812.0,170.0,106.0,164.99998,214.0,221.0,242.0,280.0,321.0,372.0,403.0,447.0,491.99997,561.0,634.0,632.0,556.0,397.0,203.00002,31.999998,2.0
12994,Oman,OMN,1994,1624.0,160.0,103.0,162.0,210.00002,216.0,239.0,283.0,335.0,392.00003,426.0,465.0,510.99997,575.0,650.0,647.0,567.00006,419.0,240.00002,51.0,2.0
12995,Oman,OMN,1995,1468.0,150.0,100.99999,163.0,202.0,205.00002,223.0,266.0,321.0,382.0,422.0,465.0,520.0,579.0,655.00006,663.0,571.0,413.0,228.0,59.0,2.0
12996,Oman,OMN,1996,1327.0,143.0,99.0,164.0,197.0,195.00002,209.0,250.99998,305.0,369.0,415.0,464.0,523.0,583.0,658.0,679.0,578.0,409.0,218.0,66.0,3.0
12997,Oman,OMN,1997,1199.0,135.0,96.0,166.00002,196.0,188.0,198.0,236.0,290.0,354.0,403.99997,457.00003,525.0,589.0,662.0,690.0,587.0,411.0,208.0,67.0,4.0
12998,Oman,OMN,1998,1086.0,128.0,95.0,171.0,197.0,183.0,190.0,222.0,276.0,338.0,391.0,449.0,520.0,594.0,665.0,700.00006,599.0,414.0,202.0,66.0,5.0
12999,Oman,OMN,1999,995.0,123.0,95.0,173.00002,199.0,181.0,182.0,212.0,263.0,323.0,376.0,435.0,514.0,598.0,669.0,704.0,611.0,417.0,200.0,64.0,6.0
13000,Oman,OMN,2000,912.0,119.0,95.0,176.0,204.0,181.0,178.0,203.0,250.99998,309.0,360.0,420.00003,508.00003,599.0,670.0,707.0,621.0,419.0,198.0,61.0,8.0
13001,Oman,OMN,2001,847.0,111.0,93.0,178.0,208.0,182.0,177.0,196.0,242.0,298.0,345.0,406.0,498.0,596.0,673.0,705.00006,626.0,423.0,198.0,61.0,8.0
13002,Oman,OMN,2002,796.0,106.0,94.0,182.0,213.0,185.99998,178.0,195.0,237.0,290.0,332.00003,392.0,489.0,585.99994,672.0,703.0,623.0,425.0,198.0,59.0,8.0
13003,Oman,OMN,2003,762.0,106.0,98.00001,183.0,217.0,191.0,183.0,195.0,236.0,288.0,326.0,381.0,475.0,571.0,669.99994,696.0,613.0,419.0,198.0,60.0,8.0
13004,Oman,OMN,2004,711.0,96.0,95.0,184.0,219.00002,196.0,188.0,198.0,236.0,287.0,324.0,370.0,457.00003,555.0,661.0,687.99994,597.0,410.0,195.0,60.999996,8.0
13005,Oman,OMN,2005,682.0,92.0,92.99999,196.0,236.0,203.00002,194.0,200.0,236.0,295.00003,334.0,380.99997,456.0,561.0,662.0,695.0,609.0,415.0,194.0,58.0,9.0
13006,Oman,OMN,2006,659.00006,89.0,90.0,203.00002,255.0,212.00002,199.99998,201.0,236.0,302.0,343.0,390.0,458.0,562.0,656.0,698.0,618.0,422.0,196.0,57.0,9.0
13007,Oman,OMN,2007,670.0,99.0,93.0,208.99998,272.0,229.0,207.0,208.0,237.0,306.0,355.0,394.0,460.0,557.0,645.0,695.0,625.0,430.0,202.0,55.0,11.0
13008,Oman,OMN,2008,664.99994,86.0,82.0,203.0,275.0,236.0,207.0,206.0,231.0,296.0,357.99997,387.0,454.99997,544.0,629.0,687.0,627.0,438.0,208.0,57.0,10.0
13009,Oman,OMN,2009,701.00006,84.0,80.0,199.0,275.0,247.00002,208.0,204.0,225.0,283.0,358.0,373.0,440.0,524.0,614.0,672.00006,624.0,447.0,217.0,61.0,9.0
13010,Oman,OMN,2010,746.0,85.0,76.00001,190.0,266.0,250.0,211.0,201.99998,220.0,266.0,350.0,360.0,420.0,504.0,597.0,655.0,620.0,453.0,226.0,69.0,9.0
13011,Oman,OMN,2011,764.0,85.0,75.0,180.0,254.00002,252.0,218.0,201.99998,220.0,252.99998,343.0,354.0,395.0,488.0,582.0,643.0,617.0,462.0,239.0,79.0,10.0
13012,Oman,OMN,2012,829.0,87.0,71.0,173.00002,290.0,335.0,282.0,255.0,271.0,309.0,402.0,448.0,428.0,546.0,657.0,738.99994,724.0,556.0,294.0,101.0,11.0
13013,Oman,OMN,2013,882.0,91.0,69.0,167.0,283.0,378.00003,321.0,287.0,298.0,335.0,422.0,497.0,450.0,560.0,691.0,786.0,788.0,620.0,342.0,121.0,14.0
13014,Oman,OMN,2014,922.0,96.0,69.0,158.0,259.0,374.0,326.0,296.0,301.0,330.0,407.0,503.00003,452.0,540.0,682.00006,787.0,802.00006,641.0,360.0,132.0,17.0
13015,Oman,OMN,2015,951.99994,100.0,71.0,150.0,231.0,350.0,331.0,307.0,305.0,331.0,394.99997,508.00003,453.0,546.0,690.0,811.0,837.0,681.0,389.0,146.0,20.0
13016,Oman,OMN,2016,971.0,104.0,71.0,141.0,220.0,336.0,342.0,329.99997,321.0,341.00003,392.0,510.0,479.0,544.0,713.0,843.0,880.0,722.0,417.99997,159.0,24.0
13017,Oman,OMN,2017,977.0,108.0,70.0,133.0,213.0,322.0,349.0,349.0,336.00003,354.0,396.0,505.0,504.0,555.0,727.0,868.0,906.0,747.0,432.0,164.0,27.0
13018,Oman,OMN,2018,954.0,110.0,70.0,126.0,190.0,296.0,345.0,361.0,352.0,363.0,400.0,501.0,532.0,566.0,745.0,896.0,935.0,771.99994,444.0,169.0,29.0
13019,Oman,OMN,2019,932.00006,117.0,70.99999,121.0,171.0,265.0,331.0,364.0,361.0,363.0,395.0,491.99997,557.0,581.0,758.0,918.0,956.0,789.00006,450.00003,172.0,31.0
13020,Oman,OMN,2020,916.0,62.0,65.0,95.0,157.0,299.0,379.0,447.0,491.0,497.0,592.0,689.0,802.0,821.0,983.00006,1119.0,1089.0,852.0,483.0,180.0,35.0
13021,Oman,OMN,2021,876.0,96.0,86.0,117.0,170.0,269.99997,447.0,582.0,693.0,698.0,784.00006,855.0,978.0,994.0,1148.0,1239.0,1129.0,811.0,412.0,129.00002,25.0
13022,Oman,OMN,2022,831.0,110.0,111.0,105.0,129.00002,222.0,336.0,359.0,425.0,405.0,436.0,543.0,701.0,815.0,1020.0,1149.0,1083.0,780.00006,382.0,111.99999,19.0
13023,Oman,OMN,2023,868.99994,132.0,82.0,114.0,163.0,206.0,267.0,377.0,410.0,380.99997,393.0,458.0,577.0,648.0,856.0,1046.0,1083.0,872.0,475.00003,169.0,19.0
13838,Qatar,QAT,1950,206.0,15.000001,6.0,10.000001,10.000001,10.000001,10.000001,10.000001,10.000001,10.000001,12.0,15.000001,15.000001,20.000002,18.000002,14.0,6.0,4.0,2.0,0.0,0.0
13839,Qatar,QAT,1951,205.00002,15.000001,6.0,10.000001,10.000001,10.000001,10.000001,10.000001,10.000001,10.000001,12.0,15.000001,16.0,20.000002,19.000002,14.0,7.0,5.0000005,0.0,0.0,0.0
13840,Qatar,QAT,1952,206.0,15.000001,6.0,10.000001,10.000001,10.000001,10.000001,10.000001,10.000001,10.000001,12.0,15.000001,16.0,20.000002,20.000002,15.000001,8.0,5.0000005,0.0,0.0,0.0
13841,Qatar,QAT,1953,204.00002,15.000001,6.0,10.000001,10.000001,10.000001,10.000001,10.000001,10.000001,10.000001,12.0,15.000001,17.0,20.000002,20.000002,16.0,8.0,4.0,0.0,0.0,0.0
13842,Qatar,QAT,1954,202.0,15.000001,5.0000005,10.000001,10.000001,10.000001,10.000001,10.000001,10.000001,10.000001,12.0,15.000001,17.0,20.000002,20.000002,16.0,10.000001,4.0,0.0,0.0,0.0
13843,Qatar,QAT,1955,200.0,15.000001,5.0000005,10.000001,10.000001,10.000001,10.000001,10.000001,10.000001,10.000001,12.0,15.000001,17.0,20.000002,20.000002,17.0,11.0,3.0,0.0,0.0,0.0
13844,Qatar,QAT,1956,197.0,15.000001,5.0000005,10.000001,10.000001,10.000001,10.000001,10.000001,10.000001,10.000001,12.0,15.000001,17.0,20.000002,20.000002,18.000002,12.0,3.0,0.0,0.0,0.0
13845,Qatar,QAT,1957,194.0,15.000001,5.0000005,10.000001,10.000001,10.000001,10.000001,10.000001,10.000001,10.000001,12.0,15.000001,17.0,20.000002,20.000002,18.000002,12.0,4.0,0.0,0.0,0.0
13846,Qatar,QAT,1958,193.0,15.000001,5.0000005,10.000001,10.000001,10.000001,10.000001,10.000001,10.000001,10.000001,12.0,15.000001,18.000002,20.000002,20.000002,19.000002,13.0,5.0000005,0.0,0.0,0.0
13847,Qatar,QAT,1959,193.0,15.000001,5.0000005,10.000001,10.000001,10.000001,10.000001,10.000001,10.000001,10.000001,12.0,15.000001,18.000002,20.000002,20.000002,19.000002,13.0,6.0,0.0,0.0,0.0
13848,Qatar,QAT,1960,193.0,15.000001,5.0000005,10.000001,10.000001,10.000001,10.000001,10.000001,10.000001,10.000001,13.0,15.000001,18.000002,20.000002,24.0,20.000002,13.0,6.0,0.0,0.0,0.0
13849,Qatar,QAT,1961,198.0,13.0,5.0000005,10.000001,10.000001,10.000001,10.000001,10.000001,10.000001,10.000001,14.0,15.000001,19.000002,22.0,24.999998,21.000002,14.0,7.0,1.0,0.0,0.0
13850,Qatar,QAT,1962,211.0,12.0,5.0000005,10.000001,12.0,13.0,10.000001,10.000001,10.000001,13.0,15.000001,16.0,20.000002,24.0,24.999998,23.0,16.0,7.0,1.0,0.0,0.0
13851,Qatar,QAT,1963,227.0,12.0,5.0000005,10.000001,14.0,15.000001,15.000001,15.000001,15.000001,15.000001,15.000001,19.000002,20.000002,24.999998,24.999998,24.999998,16.0,7.0,2.0,0.0,0.0
13852,Qatar,QAT,1964,244.0,12.0,5.0000005,10.000001,15.000001,15.000001,15.000001,15.000001,15.000001,15.000001,17.0,20.000002,23.0,26.0,30.000002,26.999998,18.000002,7.0,2.0,0.0,0.0
13853,Qatar,QAT,1965,262.0,12.0,5.0000005,11.0,17.0,20.000002,20.000002,17.0,15.000001,18.000002,20.000002,21.000002,24.999998,28.0,30.000002,29.0,20.0,8.0,2.0,0.0,0.0
13854,Qatar,QAT,1966,277.0,12.0,5.0000005,11.0,18.000002,20.000002,20.000002,20.000002,20.000002,20.000002,20.000002,24.0,26.0,30.000002,33.0,30.000002,22.0,8.0,2.0,0.0,0.0
13855,Qatar,QAT,1967,292.0,12.0,5.0000005,11.0,18.000002,24.999998,24.999998,20.000002,20.000002,20.000002,24.999998,24.999998,30.000002,32.0,35.0,34.0,24.0,9.000001,2.0,0.0,0.0
13856,Qatar,QAT,1968,306.0,13.0,5.0000005,12.0,20.0,24.999998,24.999998,24.999998,24.999998,24.999998,24.999998,28.0,31.0,35.0,38.000004,36.000004,26.0,9.000001,3.0,0.0,0.0
13857,Qatar,QAT,1969,317.0,15.000001,5.0000005,12.0,21.0,28.0,30.000002,26.999998,24.999998,26.0,30.000002,30.000002,35.0,37.0,40.000004,39.0,29.000002,11.0,3.0,0.0,0.0
13858,Qatar,QAT,1970,326.0,15.000001,5.0000005,12.0,22.0,30.000002,30.000002,30.000002,30.000002,30.000002,30.000002,34.0,37.0,40.000004,44.999996,42.999996,30.000002,12.0,3.0,0.0,0.0
13859,Qatar,QAT,1971,321.0,18.0,8.0,15.000001,23.0,30.000002,30.000002,30.000002,30.000002,30.000002,30.000002,35.0,38.000004,41.0,44.999996,42.999996,33.0,14.0,3.0,0.0,0.0
13860,Qatar,QAT,1972,311.00003,20.0,11.0,18.000002,26.999998,30.000002,30.000002,30.000002,30.000002,30.000002,31.0,35.0,39.0,42.0,44.999996,44.0,33.0,16.0,3.0,0.0,0.0
13861,Qatar,QAT,1973,303.0,20.0,12.0,23.0,30.000002,30.000002,30.000002,30.000002,30.000002,30.000002,35.0,35.0,39.0,42.999996,44.999996,44.0,36.000004,17.0,4.0,0.0,0.0
13862,Qatar,QAT,1974,297.0,20.0,12.0,26.0,34.0,35.0,31.0,30.000002,30.000002,31.0,35.0,35.0,39.0,44.0,44.999996,44.999996,36.000004,18.000002,5.0000005,0.0,0.0
13863,Qatar,QAT,1975,291.0,20.0,14.0,28.0,36.000004,35.0,34.0,33.0,32.0,32.0,35.0,36.000004,40.000004,44.999996,48.0,45.999996,36.000004,20.0,5.0000005,0.0,0.0
13864,Qatar,QAT,1976,285.0,20.0,14.0,31.0,40.000004,38.000004,35.0,35.0,34.0,33.0,35.0,36.000004,41.0,44.999996,49.999996,47.0,38.000004,21.0,6.0,0.0,0.0
13865,Qatar,QAT,1977,284.0,20.0,14.0,34.0,44.999996,41.0,36.000004,35.0,35.0,35.0,35.0,36.000004,41.0,44.999996,49.999996,48.0,39.0,23.0,7.0,0.0,0.0
13866,Qatar,QAT,1978,280.0,19.0,14.0,35.0,47.0,44.0,37.0,35.0,35.0,35.0,35.0,37.0,42.999996,44.999996,49.999996,49.0,40.0,23.0,7.0,0.0,0.0
13867,Qatar,QAT,1979,278.0,18.000002,13.0,33.0,49.0,47.0,39.0,35.0,35.0,35.0,38.000004,38.000004,44.0,44.999996,49.0,49.999996,41.0,24.0,8.0,0.0,0.0
13868,Qatar,QAT,1980,277.0,18.000002,13.0,30.000002,49.0,49.0,41.0,36.000004,36.000004,37.0,40.000004,38.000004,44.999996,47.0,48.0,49.999996,42.0,25.0,9.000001,1.0,0.0
13869,Qatar,QAT,1981,275.0,18.000002,12.0,30.000002,49.0,49.999996,43.0,37.0,38.000004,38.000004,40.000004,41.0,44.999996,45.999996,48.0,49.999996,42.999996,26.0,9.000001,1.0,0.0
13870,Qatar,QAT,1982,273.0,18.000002,12.0,29.000002,47.0,49.999996,44.0,40.000004,40.000004,41.0,42.0,42.0,48.0,47.0,48.0,49.999996,44.0,27.0,9.000001,1.0,0.0
13871,Qatar,QAT,1983,268.0,18.000002,12.0,26.0,44.0,52.0,46.0,40.000004,40.000004,42.0,44.0,44.0,49.999996,48.0,47.0,49.999996,44.0,28.0,9.000001,1.0,0.0
13872,Qatar,QAT,1984,263.0,18.000002,12.0,22.0,39.0,52.0,49.0,42.0,42.0,42.999996,45.999996,47.0,52.0,49.0,47.0,48.0,44.0,29.000002,11.0,2.0,0.0
13873,Qatar,QAT,1985,252.0,18.000002,12.0,21.0,36.000004,49.999996,49.0,44.999996,44.0,46.0,49.999996,49.0,55.0,49.0,44.999996,45.999996,44.0,29.000002,11.0,2.0,0.0
13874,Qatar,QAT,1986,244.0,19.0,11.0,19.000002,31.0,48.0,49.999996,47.0,45.999996,48.0,53.0,52.0,59.0,51.0,42.999996,42.0,41.0,28.0,12.0,2.0,0.0
13875,Qatar,QAT,1987,237.99998,19.0,12.0,20.0,29.0,44.0,48.0,47.0,45.999996,47.0,55.0,56.0,62.0,55.0,45.999996,42.0,42.999996,28.0,12.0,2.0,0.0
13876,Qatar,QAT,1988,233.0,18.000002,12.0,22.0,28.0,40.0,47.0,47.0,45.999996,47.0,55.0,59.0,67.0,57.0,48.0,44.0,42.0,28.0,12.0,2.0,0.0
13877,Qatar,QAT,1989,224.0,18.000002,12.0,22.0,26.999998,38.000004,44.999996,47.0,45.999996,47.0,57.0,63.0,70.0,62.0,51.0,48.0,42.0,29.000002,12.0,2.0,0.0
13878,Qatar,QAT,1990,211.00002,16.0,12.0,23.0,26.999998,36.000004,44.999996,47.0,47.0,47.0,58.0,65.0,74.99999,65.0,55.0,49.999996,41.0,30.000002,12.0,2.0,0.0
13879,Qatar,QAT,1991,196.0,16.0,12.0,23.0,29.0,36.000004,44.999996,47.0,47.0,49.0,58.0,69.0,80.00001,69.0,58.0,53.0,43.0,30.000002,12.0,2.0,0.0
13880,Qatar,QAT,1992,184.0,16.0,12.0,22.0,29.0,36.000004,44.0,48.0,48.0,49.0,59.0,72.0,82.0,74.0,62.0,56.0,46.0,30.000002,12.0,2.0,0.0
13881,Qatar,QAT,1993,176.0,16.0,12.0,22.0,29.0,36.000004,44.0,48.0,49.999996,51.0,59.0,74.0,86.0,76.00001,65.0,58.0,49.0,32.0,12.0,2.0,0.0
13882,Qatar,QAT,1994,167.0,16.0,13.0,22.0,28.0,36.000004,44.0,49.999996,53.0,52.0,61.0,75.0,89.0,80.00001,70.0,60.000004,51.0,32.0,12.0,3.0,0.0
13883,Qatar,QAT,1995,156.0,16.0,13.0,21.000002,28.0,36.000004,44.0,51.0,55.0,56.0,63.0,75.0,92.99999,83.00001,73.0,63.0,56.0,32.0,12.0,3.0,0.0
13884,Qatar,QAT,1996,148.0,16.0,13.0,21.000002,26.999998,36.000004,44.999996,52.0,60.000004,59.0,64.0,76.00001,94.0,84.00001,75.0,66.0,60.000004,36.0,13.0,2.0,0.0
13885,Qatar,QAT,1997,140.0,16.0,13.0,20.000002,26.0,38.000004,44.999996,53.999996,63.0,62.0,66.0,76.00001,96.0,86.0,77.0,65.0,62.0,39.0,13.0,2.0,0.0
13886,Qatar,QAT,1998,137.0,16.0,14.0,24.0,29.0,39.0,45.999996,55.0,66.0,70.0,70.0,79.0,96.0,92.99999,80.00001,70.0,63.0,42.0,13.0,2.0,0.0
13887,Qatar,QAT,1999,138.0,16.0,14.0,28.0,33.0,41.0,49.999996,56.0,69.00001,74.99999,74.99999,82.0,96.0,98.0,82.0,74.0,62.0,44.0,14.0,3.0,0.0
13888,Qatar,QAT,2000,139.0,16.0,14.0,31.0,36.000004,44.0,49.999996,57.0,72.0,80.00001,80.00001,86.0,96.0,102.0,86.0,77.0,64.0,44.0,16.0,3.0,0.0
13889,Qatar,QAT,2001,142.0,16.0,15.000001,33.0,40.000004,46.0,55.0,59.0,75.0,87.0,89.99999,89.99999,96.99999,100.99999,90.0,79.0,65.0,45.0,16.0,3.0,0.0
13890,Qatar,QAT,2002,142.0,16.0,16.0,32.0,44.0,49.0,56.0,61.0,79.0,92.99999,95.0,95.0,98.0,99.99999,92.99999,79.0,67.0,45.0,17.0,3.0,0.0
13891,Qatar,QAT,2003,140.0,16.0,16.0,32.0,44.0,52.0,60.000004,63.0,81.0,98.0,105.0,99.99999,99.99999,96.0,94.0,78.0,68.0,45.0,18.0,3.0,0.0
13892,Qatar,QAT,2004,135.0,16.0,17.0,30.000002,42.999996,52.0,65.0,67.0,85.0,105.0,110.0,107.99999,104.0,94.0,94.0,77.0,68.0,45.0,18.000002,3.0,0.0
13893,Qatar,QAT,2005,135.0,16.0,17.0,30.000002,41.0,52.0,65.0,66.0,83.00001,106.0,115.0,110.0,104.0,88.0,92.99999,77.99999,67.0,46.0,31.000002,7.0,0.0
13894,Qatar,QAT,2006,126.0,18.000002,18.0,34.0,45.0,57.0,70.0,72.0,89.0,113.0,123.0,118.0,106.0,92.0,98.0,83.00001,72.0,48.0,30.000002,9.000001,0.0
13895,Qatar,QAT,2007,131.0,17.0,17.0,38.000004,78.0,92.99999,92.99999,94.0,104.0,122.0,135.0,126.0,114.0,106.0,107.0,89.0,82.0,65.0,53.0,14.0,0.0
13896,Qatar,QAT,2008,153.0,16.0,16.0,39.0,108.0,133.0,123.0,116.0,120.00001,130.0,146.0,130.0,113.0,106.0,112.0,107.0,113.0,87.0,66.0,24.0,1.0
13897,Qatar,QAT,2009,163.0,18.000002,17.0,40.0,109.0,142.0,137.0,132.0,136.0,142.0,154.0,138.0,111.0,99.99999,103.0,107.99999,122.0,100.99999,50.0,15.000001,1.0
13898,Qatar,QAT,2010,173.00002,18.000002,16.0,36.0,100.99999,133.0,147.0,148.0,159.00002,160.00002,160.00002,150.0,117.0,96.99999,95.0,91.99999,94.0,80.0,42.0,15.000001,1.0
13899,Qatar,QAT,2011,181.0,19.0,17.0,38.0,97.0,129.00002,146.0,146.0,160.00002,163.0,164.99998,157.0,126.0,100.99999,99.0,98.0,96.99999,81.0,44.0,15.000001,2.0
13900,Qatar,QAT,2012,185.99998,20.0,17.0,42.0,94.0,129.00002,142.0,137.0,154.0,157.0,164.0,162.0,133.0,109.0,107.0,115.0,115.0,97.0,55.0,20.0,2.0
13901,Qatar,QAT,2013,191.0,20.0,17.0,40.0,92.99999,129.00002,144.0,130.0,147.0,151.0,161.0,166.00002,140.0,117.0,113.0,131.0,139.0,121.0,70.0,25.0,3.0
13902,Qatar,QAT,2014,195.0,23.0,17.0,44.0,91.0,127.00001,149.0,135.0,144.0,151.0,161.0,168.00002,150.0,121.0,109.0,141.0,151.0,132.0,79.0,32.0,4.0
13903,Qatar,QAT,2015,196.0,23.0,17.0,48.0,95.0,129.00002,153.0,141.0,152.0,160.00002,168.0,177.0,162.0,132.0,110.0,130.0,136.0,118.0,73.0,29.0,5.0
13904,Qatar,QAT,2016,191.0,23.0,17.0,44.0,96.0,132.0,156.0,142.0,157.0,170.00002,174.0,190.0,171.0,147.0,125.0,131.0,118.0,107.0,66.0,27.0,5.0
13905,Qatar,QAT,2017,190.0,23.0,16.0,41.0,92.99999,132.0,154.0,142.0,157.0,171.0,175.0,191.0,178.0,155.0,135.0,137.00002,129.00002,112.0,72.0,30.0,6.0
13906,Qatar,QAT,2018,181.0,23.0,16.0,39.0,85.0,121.0,152.0,144.0,153.0,167.00002,164.99998,178.0,172.0,153.0,141.0,147.0,139.0,128.0,80.0,33.0,6.0
13907,Qatar,QAT,2019,174.0,23.0,17.0,37.0,72.00001,106.0,148.0,144.0,149.99998,160.0,158.0,159.00002,170.0,147.0,143.0,158.0,139.0,125.0,80.0,33.0,8.0
13908,Qatar,QAT,2020,168.0,21.0,13.0,32.0,61.0,122.0,145.0,181.00002,194.0,213.0,220.0,236.0,216.0,191.0,186.99998,210.00002,218.0,174.0,105.00001,35.0,10.0
13909,Qatar,QAT,2021,156.0,23.0,23.0,29.000002,63.0,100.99999,146.0,178.0,223.0,243.0,232.0,250.0,239.0,218.0,191.0,181.0,195.0,163.0,84.0,22.0,5.0
13910,Qatar,QAT,2022,155.0,25.0,17.0,48.0,44.999996,87.0,133.0,151.0,188.0,207.0,218.00002,190.0,214.0,207.0,192.0,188.0,162.0,146.0,86.0,30.000002,5.0
13911,Qatar,QAT,2023,148.0,23.0,18.0,44.0,38.000004,76.0,122.0,152.00002,193.0,212.0,225.00002,201.99998,226.0,230.99998,215.0,208.0,178.0,146.0,84.0,28.0,3.0
14948,Saudi Arabia,SAU,1950,26300.0,1824.9999,796.0,897.0,1020.0,954.0,862.0,872.99994,871.0,891.00006,950.0,1041.0,1198.0,1318.0,1250.0,925.0,378.00003,190.0,55.0,9.000001,1.0
14949,Saudi Arabia,SAU,1951,26870.0,1845.0,797.0,911.0,1048.0,983.0,885.0,890.0,875.0,895.0,959.0,1054.0,1222.0,1352.0,1300.0,991.0,437.0,182.00002,58.0,9.000001,1.0
14950,Saudi Arabia,SAU,1952,27408.0,1861.0,796.0,925.0,1075.0,1015.0,909.99994,909.0,883.0,899.0,969.0,1069.0,1245.0,1388.0,1348.0,1048.0,508.00003,170.0,63.0,10.0,1.0
14951,Saudi Arabia,SAU,1953,27974.998,1862.0,799.0,936.0,1100.0,1046.0,936.0,932.00006,896.0,906.0,980.0,1086.0,1272.0001,1424.0,1393.9999,1101.0,580.0,168.0,66.0,12.0,1.0
14952,Saudi Arabia,SAU,1954,28506.0,1876.0,800.0,946.0,1122.0,1077.0,965.00006,957.0,912.0,911.0,991.0,1102.0,1295.0,1459.0,1439.0,1153.0,643.0,180.0,67.0,11.0,1.0
14953,Saudi Arabia,SAU,1955,28993.0,1922.0,806.0,953.0,1139.0,1106.0,994.0,982.0,932.99994,918.0,1000.0,1115.0,1317.0,1492.0,1485.0,1202.0,698.0,204.0,64.0,12.0,1.0
14954,Saudi Arabia,SAU,1956,29439.0,1969.0,811.0,958.0,1152.0,1131.0,1020.0,1007.0,952.0,927.0,1009.00006,1130.0,1340.0,1525.0,1526.0,1250.0,745.0,238.0,62.000004,13.0,1.0
14955,Saudi Arabia,SAU,1957,29871.0,2014.0,817.00006,962.0,1161.0,1152.0,1047.0,1033.0,975.0,939.0,1016.99994,1145.0,1360.0,1556.0,1568.0,1298.0,787.0,276.0,57.0,13.0,1.0
14956,Saudi Arabia,SAU,1958,30275.0,2067.0,817.00006,967.0,1167.0,1168.0,1074.0,1059.0,998.0,955.0,1025.0,1158.0,1382.0,1587.0,1609.0,1344.0,828.0,311.0,56.0,14.0,1.0
14957,Saudi Arabia,SAU,1959,30654.002,2117.0,820.0,973.0,1170.0,1182.0,1096.0,1084.0,1021.0,974.0,1034.0,1171.0,1400.0,1617.0,1648.9999,1388.0,866.0,345.0,61.0,15.000001,1.0
14958,Saudi Arabia,SAU,1960,30991.002,2162.0,829.0,980.0,1170.0,1191.0,1117.0,1110.0,1046.0,997.0,1042.0,1184.0,1421.0,1645.0,1689.0,1433.0,905.0,373.0,71.0,13.0,1.0
14959,Saudi Arabia,SAU,1961,31274.0,2202.0002,839.0,988.99994,1169.0,1196.0,1136.0,1136.0,1072.0,1021.0,1055.0001,1196.0001,1440.0,1674.0,1730.0,1478.0,943.0,398.0,83.00001,12.0,2.0
14960,Saudi Arabia,SAU,1962,31481.998,2238.0,851.0,997.0,1166.0,1197.0,1150.0,1161.0,1100.0,1046.0,1069.0,1210.0,1459.0,1704.0,1769.0,1523.0,980.0,421.0,96.0,12.0,2.0
14961,Saudi Arabia,SAU,1963,31641.0,2272.0,870.0,999.0,1161.0,1195.0,1161.0,1183.0,1125.0,1073.0,1089.0,1222.0,1480.0,1733.0,1810.0,1566.0,1016.99994,443.00003,108.0,12.0,2.0
14962,Saudi Arabia,SAU,1964,31744.002,2298.0,886.00006,1002.0,1158.0,1188.0,1165.0,1201.0,1150.0,1101.0,1114.0,1234.0,1498.0,1760.0,1848.0,1610.0,1054.0,465.0,120.0,13.0,2.0
14963,Saudi Arabia,SAU,1965,31685.998,2314.0,895.0,1009.00006,1152.0,1175.0,1163.0,1217.0,1172.0,1127.0,1140.0,1244.0,1515.0,1787.0,1886.0,1654.0,1091.0,486.0,129.00002,15.000001,2.0
14964,Saudi Arabia,SAU,1966,31519.0,2319.0,899.0,1018.0,1144.0,1157.0,1156.0,1223.0,1192.0,1152.0001,1166.9999,1260.0,1531.0,1813.0,1923.0,1696.0001,1125.0,507.00003,137.0,18.000002,2.0
14965,Saudi Arabia,SAU,1967,31250.0,2312.0,900.0,1027.0,1133.0,1134.0001,1141.0,1225.0,1210.0,1178.0,1194.9999,1278.0,1548.0,1838.0,1958.0,1738.0,1160.0,528.0,145.0,21.0,1.0
14966,Saudi Arabia,SAU,1968,30837.0,2295.0,896.0,1041.0,1118.0,1113.0,1125.0,1222.0,1223.0,1202.0,1222.0,1299.0,1563.0,1861.0,1990.9999,1777.0,1194.0,546.0,151.0,23.0,1.0
14967,Saudi Arabia,SAU,1969,30316.0,2263.0,888.0,1055.0001,1103.0,1094.0,1105.0,1216.0,1234.0,1222.0,1250.9999,1326.0,1576.0,1885.0,2023.0,1815.0,1226.0,566.0,159.0,25.0,2.0
14968,Saudi Arabia,SAU,1970,29762.998,2221.0,877.0,1059.0,1100.0,1079.0,1087.0,1207.0,1240.9999,1243.0,1279.0,1356.0,1589.0,1906.0,2053.0,1852.0,1259.0,585.0,166.0,28.0,2.0
14969,Saudi Arabia,SAU,1971,29175.0,2164.0,862.0,1059.0,1098.0,1067.0,1066.0,1196.0,1245.0,1261.0,1306.9999,1387.0001,1606.0,1923.0,2081.0,1886.0,1290.0,603.0,171.0,28.0,2.0
14970,Saudi Arabia,SAU,1972,28655.0,2103.0,844.0,1061.0,1107.0,1063.0,1055.0001,1189.0,1249.0,1277.0,1335.0,1420.0,1625.0,1938.0,2106.9998,1920.0001,1319.9999,621.0,178.0,30.000002,2.0
14971,Saudi Arabia,SAU,1973,28150.002,2039.0,826.0,1059.0,1124.0,1060.0,1050.0,1184.0,1254.0,1290.0,1361.0,1454.9999,1651.0,1953.0001,2131.0,1952.0,1351.0,638.0,184.0,30.000002,3.0
14972,Saudi Arabia,SAU,1974,27666.0,1968.0,804.0,1055.0,1141.0,1060.0,1049.0,1179.0,1255.9999,1302.0,1389.0,1488.0,1681.9999,1963.0,2154.0,1982.0,1380.0,658.0,191.0,33.0,3.0
14973,Saudi Arabia,SAU,1975,27213.002,1906.0,782.0,1046.9999,1148.0,1069.0,1052.0,1177.0,1260.0,1312.0,1411.0,1522.0001,1717.9999,1976.0,2175.0,2012.0001,1408.9999,675.0,198.0,34.0,3.0
14974,Saudi Arabia,SAU,1976,26777.0,1839.0,759.0,1033.0,1146.0,1071.0,1052.0,1169.0,1262.0,1317.0,1434.0,1554.0,1753.0,1992.0,2193.0,2043.0,1439.0,694.0,204.0,35.0,3.0
14975,Saudi Arabia,SAU,1977,26413.0,1781.0,736.0,1018.0,1145.0,1082.0,1056.0,1168.0,1264.0,1324.0,1453.0001,1588.0,1791.0,2014.0,2212.0,2074.0,1469.9999,714.0,210.0,35.0,3.0
14976,Saudi Arabia,SAU,1978,26100.0,1730.0,714.0,1005.0,1141.0,1096.0,1061.0,1170.0,1269.0,1332.0,1471.0,1620.0,1829.9999,2043.0,2231.0,2105.0,1502.0,733.0,219.0,38.0,4.0
14977,Saudi Arabia,SAU,1979,25809.0,1684.0,693.0,1003.0,1170.0,1140.0,1091.0,1194.0,1286.0,1353.0,1495.0,1658.0,1875.0,2085.0,2250.0,2138.0,1533.0,754.0,225.0,39.0,4.0
14978,Saudi Arabia,SAU,1980,25425.002,1641.0,674.0,978.0,1133.0,1119.0,1082.0,1191.0,1285.0,1357.0,1510.0,1691.0,1919.0,2128.0,2272.0,2170.0,1566.0,775.99994,233.0,41.0,4.0
14979,Saudi Arabia,SAU,1981,24995.998,1603.0,656.0,965.99994,1128.0,1127.0,1102.0,1211.0,1302.0,1378.0,1535.0001,1731.0,1970.0,2182.0,2301.0,2204.0,1602.9999,799.0,240.00002,42.0,4.0
14980,Saudi Arabia,SAU,1982,24552.0,1569.9999,641.00006,960.0,1132.0,1143.0,1129.0,1240.9999,1329.9999,1406.0,1569.0,1778.0,2030.0,2241.0,2342.0,2238.0,1639.0,823.0,249.0,43.0,4.0
14981,Saudi Arabia,SAU,1983,24060.0,1543.0,631.0,956.0,1138.0,1160.0,1169.0,1275.0001,1365.0,1441.0,1607.0,1829.0,2094.0,2309.0,2391.0,2275.0,1679.0,847.0,258.0,45.0,4.0
14982,Saudi Arabia,SAU,1984,23507.0,1516.0,623.0,952.0,1142.0,1176.0,1207.0,1311.0,1410.0,1484.0,1651.0,1884.0,2165.0,2383.0,2455.0,2313.0,1719.0,874.0,268.0,46.0,5.0
14983,Saudi Arabia,SAU,1985,22819.0,1490.9999,618.0,947.0,1143.0,1187.0,1237.0,1354.0001,1462.0,1531.0,1703.0,1940.0,2237.0,2459.0,2530.0002,2356.0,1762.0001,903.0,278.0,48.0,5.0
14984,Saudi Arabia,SAU,1986,21939.0,1460.0,613.0,942.00006,1136.0,1189.0,1259.0001,1393.0,1515.0,1579.9999,1756.0,1997.0,2310.9998,2544.0,2610.0002,2410.0,1809.0,934.0,292.0,52.0,5.0
14985,Saudi Arabia,SAU,1987,20990.002,1427.0,608.99994,945.0,1138.0,1196.0,1287.0,1437.0,1568.0001,1638.0,1813.0,2056.0,2383.9998,2631.0,2699.0,2475.0,1858.0,969.0,304.0,54.0,5.0
14986,Saudi Arabia,SAU,1988,19987.0,1395.0,608.99994,949.0,1138.0,1201.0,1308.0001,1486.0,1620.0,1698.0,1870.0,2116.0,2458.0,2723.0,2795.0,2552.0,1911.0,1007.0,319.0,57.0,5.0
14987,Saudi Arabia,SAU,1989,18880.002,1360.0,608.99994,951.0,1125.0,1192.0,1317.0,1520.0,1670.0,1766.0,1933.0,2180.0,2533.0,2817.0,2899.0,2642.0,1965.0,1047.0,332.0,59.0,6.0
14988,Saudi Arabia,SAU,1990,17784.0,1326.0,611.0,956.0,1120.0,1186.0,1325.0,1553.9999,1727.0,1842.9999,2005.0001,2251.9998,2610.0,2918.0,3008.0,2744.0,2025.0001,1088.0,347.0,62.000004,6.0
14989,Saudi Arabia,SAU,1991,16751.0,1291.9999,616.0,969.0,1121.0,1185.0,1339.9999,1591.0,1793.0,1932.0,2088.0,2337.0,2695.0,3023.0,3125.0,2852.0,2092.0,1129.0001,364.0,64.0,6.0
14990,Saudi Arabia,SAU,1992,15743.999,1248.0,617.0,979.00006,1117.0,1173.0,1342.9999,1621.0,1858.0,2027.9999,2187.0,2433.0,2788.0,3132.0,3246.0,2965.0002,2166.0,1171.0,383.0,69.0,7.0
14991,Saudi Arabia,SAU,1993,14837.999,1208.0,619.0,995.0,1122.0,1171.0,1354.0,1656.0,1939.9999,2129.9998,2306.0,2546.0,2898.0,3248.0,3372.0,3086.0,2249.0,1215.0,400.0,72.0,7.0
14992,Saudi Arabia,SAU,1994,13983.001,1164.0,621.0,1013.0,1131.0,1166.0,1361.0,1689.0,2022.0001,2242.0,2442.9998,2673.0,3018.0,3367.0,3505.0,3214.0,2343.9998,1261.0,419.0,75.0,7.0
14993,Saudi Arabia,SAU,1995,13153.0,1118.0,622.0,1033.0,1144.0,1164.0,1366.0,1720.0,2096.0,2360.0002,2593.9998,2809.0,3148.0,3491.0,3645.0,3354.0,2452.0002,1312.0,441.0,81.0,8.0
14994,Saudi Arabia,SAU,1996,12369.0,1072.0,620.0,1054.0,1159.0,1161.0,1368.0,1742.0,2164.0,2477.0,2747.0,2950.0,3282.0,3622.0,3796.0,3506.0,2576.0,1373.0,465.0,85.99999,8.0
14995,Saudi Arabia,SAU,1997,11661.0,1024.0,617.0,1075.0,1174.0,1157.0,1363.0,1755.0,2215.0,2585.0,2891.0,3090.0002,3419.0,3762.0,3959.0,3678.0,2716.0,1447.0,491.0,91.0,9.0
14996,Saudi Arabia,SAU,1998,11044.001,977.0,611.0,1095.0,1189.0,1154.0,1352.0,1750.9999,2248.0,2681.0,3010.0,3224.0,3552.0,3910.0,4135.9995,3871.0,2877.0,1536.0,522.0,97.0,9.0
14997,Saudi Arabia,SAU,1999,10414.001,932.99994,602.0,1114.0,1206.0,1151.0,1338.0,1739.0,2266.0,2763.0,3117.0,3359.0,3686.9998,4065.0,4316.0,4074.9998,3051.0,1635.0,551.0,103.0,10.0
14998,Saudi Arabia,SAU,2000,9880.0,900.99994,597.0,1139.0,1232.0,1157.0001,1329.0,1734.0,2286.0,2839.0,3237.0,3512.0,3836.0,4225.0,4490.0,4272.0,3222.0,1736.0,583.0,110.0,10.0
14999,Saudi Arabia,SAU,2001,9128.0,872.99994,622.0,1252.0,1327.0,1188.0,1327.0,1707.0,2271.0,2853.0,3286.0,3619.0,3956.0,4359.0,4643.0,4465.0,3405.0,1849.0,619.0,117.0,11.0
15000,Saudi Arabia,SAU,2002,8484.0,844.99994,644.0,1370.0,1448.0,1245.0,1347.0,1705.0,2279.0,2895.0,3362.0,3744.0,4093.0,4474.0,4751.0,4610.0,3558.0,1945.0,655.0,124.0,12.0
15001,Saudi Arabia,SAU,2003,7934.0,821.0,661.0,1486.0,1598.0,1331.0,1392.0,1739.0,2316.0,2978.0002,3497.0,3895.0,4258.0,4562.9995,4800.0,4683.0,3664.0,2022.0001,688.0,131.0,12.0
15002,Saudi Arabia,SAU,2004,7512.0,801.0,674.0,1600.0,1778.0,1451.0,1469.0,1807.0,2389.9998,3102.0,3685.0,4086.0,4452.0,4629.0,4797.0,4695.0,3730.0,2089.0,721.0,137.0,13.0
15003,Saudi Arabia,SAU,2005,7310.0,784.00006,686.0,1698.0,1964.0,1591.0,1565.0,1893.0,2486.0,3251.9998,3905.0,4311.0,4654.9995,4686.0,4763.0,4677.0,3784.0,2163.0,757.0,145.0,14.0
15004,Saudi Arabia,SAU,2006,7187.0,768.0,694.0,1780.9999,2152.0,1753.0,1682.0,1996.0,2600.0,3412.0,4148.0,4550.0,4848.0,4746.0005,4736.0,4669.0,3855.0,2260.0,807.0,156.0,16.0
15005,Saudi Arabia,SAU,2007,7110.0,769.0,712.0,1850.0,2325.0,1936.0,1825.0,2111.0,2727.0,3570.0,4396.0,4797.0,5008.0,4827.0,4738.0,4709.0,3971.0,2399.0,874.0,178.0,18.0
15006,Saudi Arabia,SAU,2008,6845.9995,782.0,739.0,1901.0,2460.0,2125.0,1984.0,2219.0,2845.0,3707.0,4621.0,5040.0,5116.0,4938.0,4803.0,4828.0,4163.0,2598.0,971.0,211.0,21.0
15007,Saudi Arabia,SAU,2009,6628.0005,814.0,780.0,1937.0,2546.0,2308.0,2151.0,2318.0,2945.0,3806.0,4799.0,5245.0,5183.0,5074.0,4939.0,5040.0,4446.0,2871.0,1115.9999,247.0,24.0
15008,Saudi Arabia,SAU,2010,6252.0,835.00006,820.0,1946.0,2575.0,2457.0,2312.0,2392.0,3002.0,3854.0,4899.0,5376.0,5205.0,5185.0005,5113.0,5303.0,4783.0,3195.0,1305.0,289.0,29.0
15009,Saudi Arabia,SAU,2011,6117.0,864.0,865.0,1946.0001,2576.0,2590.0,2465.0,2457.0,3026.0,3866.0,4922.0,5429.0,5188.0,5231.0,5296.0,5567.0,5128.0005,3541.0,1525.0,342.0,34.0
15010,Saudi Arabia,SAU,2012,5960.0,889.00006,906.0,1939.0,2565.0,2698.0,2599.0,2508.0,3011.0002,3835.0,4859.0,5389.0,5133.0,5169.0,5438.0,5771.0,5426.0,3866.0,1757.0,397.0,51.0
15011,Saudi Arabia,SAU,2013,5651.0,901.0,936.0,1928.0,2562.0,2782.0,2703.0,2543.0,2957.0,3759.0,4710.0,5241.0,5035.0,4977.0,5483.0,5851.0,5603.0,4113.0,1967.9999,457.0,79.0
15012,Saudi Arabia,SAU,2014,5508.0,896.0,940.0,1917.0,2585.0,2843.0,2764.0,2562.0,2878.0,3645.0,4490.0,5005.0,4883.0,4684.0,5385.9995,5774.0,5604.0,4235.0,2137.0,549.0,82.0
15013,Saudi Arabia,SAU,2015,5266.0,874.0,925.0,1896.0,2611.0,2872.0,2793.0,2587.0,2816.0,3539.0,4284.0,4771.0,4737.0,4390.0,5181.0,5606.0,5488.0,4265.0,2265.0,665.0,79.0
15014,Saudi Arabia,SAU,2016,5113.0,839.0,891.99994,1859.0,2600.9998,2857.9998,2811.0,2656.0,2821.0,3501.9998,4186.0,4644.0,4684.0,4192.0,4929.0,5450.0,5349.0,4268.0,2373.9998,799.0,86.0
15015,Saudi Arabia,SAU,2017,4917.0005,792.0,844.0,1784.0,2486.0,2721.0,2758.0,2715.0,2857.9998,3500.0,4198.0,4667.0,4849.0,4180.0,4862.0,5485.0,5399.0,4389.0,2510.0,904.0,103.0
15016,Saudi Arabia,SAU,2018,4614.0,738.00006,784.99994,1665.0,2245.0,2464.0,2624.0,2742.0,2904.0,3526.0,4304.0,4819.9995,5073.0,4343.0,5058.0,5757.0,5668.0,4616.0,2641.0,960.0,117.0
15017,Saudi Arabia,SAU,2019,4119.0,688.0,731.0,1516.0,2010.0,2279.0,2574.9998,2876.0,3074.0,3703.0,4663.0,5215.0,5409.0,4661.0005,5486.0,6240.0,6102.9995,4845.9995,2682.0,948.0,123.0
15018,Saudi Arabia,SAU,2020,3727.0,654.0,696.0,1385.0,1932.0,2323.0,2746.0,3212.0,3556.0,4166.0,5447.0,6092.0,6196.0,5281.0,6234.0,7048.0,6768.0,5117.0,2658.0,886.99994,119.0
15019,Saudi Arabia,SAU,2021,3439.0002,629.0,688.0,1299.0,1845.0,2348.0,2872.0,3484.0002,3989.0,4600.0,6072.0,6929.0,6923.0,5904.0005,6924.0,7788.0,7340.9995,5303.0,2600.0002,823.0,110.0
15020,Saudi Arabia,SAU,2022,3201.0,613.0,714.0,1319.0,1921.0,2504.0,2906.0002,3556.0,4148.0,4629.0,6010.0,6934.0,6948.0,5977.0,7043.0,7904.0,7465.0,5364.0,2622.0,817.0,103.0
15021,Saudi Arabia,SAU,2023,3323.0,627.0,821.0,1585.0,2185.0,2659.0,2958.0,3472.0,4034.0,4384.0,5326.0,6146.0,6404.9995,5706.0005,6145.0,7051.0,6620.0,4928.0,2522.0,826.0,115.0
17686,United Arab Emirates,ARE,1950,1011.00006,35.0,26.0,33.0,38.000004,37.0,35.0,35.0,35.0,40.000004,44.0,49.0,55.0,60.000004,55.0,44.0,21.0,8.0,3.0,0.0,0.0
17687,United Arab Emirates,ARE,1951,1023.99994,39.0,26.999998,36.000004,40.000004,39.0,35.0,35.0,35.0,39.0,42.999996,48.0,53.999996,60.000004,58.0,44.0,21.0,9.000001,3.0,0.0,0.0
17688,United Arab Emirates,ARE,1952,1035.0,43.0,31.0,39.0,42.999996,42.0,36.000004,35.0,35.0,38.000004,42.0,48.0,55.0,60.000004,59.0,48.0,25.0,8.0,2.0,0.0,0.0
17689,United Arab Emirates,ARE,1953,1039.0,45.0,32.0,42.999996,44.999996,42.999996,40.000004,38.000004,35.0,38.000004,42.0,47.0,53.999996,60.000004,59.0,48.0,27.0,9.000001,2.0,0.0,0.0
17690,United Arab Emirates,ARE,1954,1038.0,46.0,34.0,45.999996,49.999996,47.0,40.000004,40.000004,35.0,37.0,42.0,47.0,53.0,60.000004,60.000004,49.999996,30.000002,9.000001,2.0,0.0,0.0
17691,United Arab Emirates,ARE,1955,1031.0,48.0,35.0,49.0,53.999996,49.0,42.0,40.000004,36.000004,37.0,41.0,47.0,53.0,59.0,60.000004,52.0,30.000002,11.0,3.0,0.0,0.0
17692,United Arab Emirates,ARE,1956,1021.99994,50.0,36.0,52.0,57.0,52.0,44.999996,42.0,38.000004,37.0,41.0,47.0,53.0,59.0,60.000004,53.0,34.0,12.0,3.0,0.0,0.0
17693,United Arab Emirates,ARE,1957,1010.0,48.0,36.0,55.0,60.000004,53.999996,47.0,44.0,40.000004,39.0,40.000004,45.999996,52.0,58.0,60.000004,55.0,35.0,13.0,3.0,0.0,0.0
17694,United Arab Emirates,ARE,1958,1001.00006,48.0,36.0,56.0,65.0,59.0,49.999996,45.999996,40.000004,40.000004,40.000004,44.999996,52.0,57.0,60.000004,56.0,37.0,15.000001,3.0,0.0,0.0
17695,United Arab Emirates,ARE,1959,996.0,47.000004,35.0,58.0,68.0,62.0,52.0,48.0,42.0,40.000004,40.000004,44.999996,51.0,56.0,60.000004,56.0,40.0,16.0,2.0,0.0,0.0
17696,United Arab Emirates,ARE,1960,988.00006,46.0,34.0,59.0,72.0,65.0,55.0,51.0,44.0,40.000004,40.000004,44.0,52.0,56.0,60.000004,56.0,40.0,17.0,3.0,0.0,0.0
17697,United Arab Emirates,ARE,1961,982.0,46.0,31.999998,59.0,74.0,70.0,58.0,53.0,47.0,42.0,40.000004,42.999996,52.0,55.0,60.000004,56.0,41.0,19.0,4.0,0.0,0.0
17698,United Arab Emirates,ARE,1962,974.00006,45.0,31.0,60.000004,77.00001,73.0,61.0,57.0,49.999996,44.999996,41.0,42.999996,52.0,55.0,59.0,55.0,42.0,20.0,5.0000005,0.0,0.0
17699,United Arab Emirates,ARE,1963,963.0,43.0,28.0,59.0,78.0,76.00001,66.0,59.0,53.0,47.0,44.999996,42.999996,52.0,55.0,55.0,53.999996,42.0,20.0,5.0000005,0.0,0.0
17700,United Arab Emirates,ARE,1964,948.0,43.0,26.0,55.0,79.0,80.0,68.0,63.0,56.0,51.0,44.999996,44.999996,51.0,55.0,55.0,53.0,41.0,21.0,5.0000005,0.0,0.0
17701,United Arab Emirates,ARE,1965,916.0,44.0,24.0,53.0,79.0,82.0,72.0,66.0,59.0,53.0,48.0,44.999996,49.0,55.0,55.0,52.0,41.0,21.0,5.0000005,0.0,0.0
17702,United Arab Emirates,ARE,1966,858.0,44.0,23.0,48.0,77.0,83.00001,76.0,68.0,62.0,57.0,51.0,45.999996,49.0,57.0,55.0,49.999996,38.000004,21.0,7.0,0.0,0.0
17703,United Arab Emirates,ARE,1967,773.0,45.0,19.000002,45.0,75.0,84.00001,77.0,72.0,65.0,61.0,53.999996,49.0,47.0,58.0,55.0,48.0,35.0,19.0,7.0,0.0,0.0
17704,United Arab Emirates,ARE,1968,657.0,45.0,19.000002,40.0,70.0,82.0,80.00001,73.0,68.0,64.0,58.0,52.0,48.0,58.0,55.0,46.0,33.0,16.0,6.0,0.0,0.0
17705,United Arab Emirates,ARE,1969,738.0,46.0,23.0,52.0,84.0,89.99999,88.0,81.0,74.99999,70.0,65.0,63.0,55.0,62.0,61.0,51.0,34.0,17.0,6.0,0.0,0.0
17706,United Arab Emirates,ARE,1970,821.99994,48.0,26.0,65.0,105.0,103.0,99.99999,90.0,81.0,79.0,68.0,76.0,67.0,71.0,71.0,57.0,38.000004,18.000002,6.0,0.0,0.0
17707,United Arab Emirates,ARE,1971,863.00006,48.0,27.0,74.0,126.0,117.0,110.0,100.99999,89.99999,89.0,73.0,88.0,81.0,80.0,81.0,66.0,45.0,20.0,6.0,0.0,0.0
17708,United Arab Emirates,ARE,1972,883.0,48.0,27.0,77.0,144.0,136.0,122.0,114.0,99.99999,99.99999,82.0,94.0,99.99999,90.0,96.0,77.0,50.0,25.0,6.0,0.0,0.0
17709,United Arab Emirates,ARE,1973,886.0,52.0,27.0,77.0,156.0,156.0,132.0,129.00002,110.0,110.0,95.0,98.00001,122.0,103.0,110.0,90.0,62.0,29.000002,8.0,0.0,0.0
17710,United Arab Emirates,ARE,1974,878.0,55.0,28.0,74.0,163.0,178.0,142.0,144.0,123.0,122.0,111.0,98.00001,144.0,119.0,128.0,106.0,74.0,35.0,11.0,0.0,0.0
17711,United Arab Emirates,ARE,1975,862.0,59.0,28.0,67.0,164.99998,199.0,155.0,159.00002,137.0,132.0,131.0,98.0,164.0,141.0,146.0,126.0,89.0,44.0,13.0,1.0,0.0
17712,United Arab Emirates,ARE,1976,837.0,62.0,28.0,60.0,161.0,215.0,175.0,172.0,155.0,145.0,150.0,106.0,176.0,170.0,165.0,149.0,107.99999,56.0,19.0,2.0,0.0
17713,United Arab Emirates,ARE,1977,913.00006,64.0,30.000002,73.0,184.0,236.0,201.0,184.0,170.0,155.0,154.0,121.0,162.0,184.0,166.00002,154.0,109.0,58.000004,20.0,2.0,0.0
17714,United Arab Emirates,ARE,1978,974.00006,67.0,31.0,77.99999,201.0,263.0,226.0,201.0,189.0,169.0,158.0,132.0,151.0,191.0,168.00002,158.0,112.0,61.0,20.0,3.0,0.0
17715,United Arab Emirates,ARE,1979,1010.99994,73.0,32.0,77.0,212.0,290.0,255.0,221.0,208.0,184.0,169.0,139.0,151.00002,191.0,174.0,161.0,115.0,62.0,20.0,3.0,0.0
17716,United Arab Emirates,ARE,1980,1025.0,78.0,36.000004,72.0,214.0,319.0,286.0,248.0,229.0,206.0,186.0,142.0,157.0,186.99998,181.0,164.0,119.0,65.0,21.0,3.0,0.0
17717,United Arab Emirates,ARE,1981,1008.0,86.0,38.000004,66.0,208.0,342.0,321.0,278.0,254.00002,228.0,207.0,147.0,164.0,182.0,185.0,166.0,120.00001,65.0,21.0,3.0,0.0
17718,United Arab Emirates,ARE,1982,983.0,88.0,41.0,70.0,199.0,328.0,334.0,291.0,265.0,242.0,214.0,167.0,164.0,191.0,192.0,171.99998,125.0,71.0,22.0,4.0,0.0
17719,United Arab Emirates,ARE,1983,956.99994,92.0,41.0,73.0,192.0,319.0,346.00003,307.0,277.0,259.0,220.0,182.00002,166.00002,199.0,199.99998,182.0,133.0,73.0,24.0,4.0,0.0
17720,United Arab Emirates,ARE,1984,928.00006,97.0,44.0,74.0,185.0,316.0,354.0,329.0,288.0,280.0,229.0,194.0,172.0,206.0,208.0,189.00002,138.0,79.0,28.0,4.0,0.0
17721,United Arab Emirates,ARE,1985,895.99994,104.0,47.0,74.0,176.0,317.0,359.0,352.0,302.0,302.0,243.0,201.0,183.0,212.0,218.0,197.0,147.0,84.0,31.0,5.0000005,0.0
17722,United Arab Emirates,ARE,1986,871.0,109.0,51.0,72.0,166.00002,318.0,364.0,375.0,320.0,319.0,263.0,201.99998,191.0,218.0,229.0,207.0,155.0,89.0,34.0,7.0,0.0
17723,United Arab Emirates,ARE,1987,840.0,112.0,59.0,98.00001,177.0,305.0,371.0,386.0,346.00003,327.00003,289.0,219.0,201.99998,225.0,242.0,217.0,162.0,91.0,36.0,7.0,1.0
17724,United Arab Emirates,ARE,1988,812.0,114.0,67.0,117.0,193.0,295.0,380.99997,394.0,374.0,336.0,313.00003,239.0,216.0,232.00002,255.0,229.0,169.0,96.0,36.0,7.0,1.0
17725,United Arab Emirates,ARE,1989,787.0,117.0,72.0,132.0,218.0,292.99997,389.0,406.0,404.0,349.0,335.0,257.0,231.0,241.0,268.0,241.0,178.99998,101.0,37.0,8.0,1.0
17726,United Arab Emirates,ARE,1990,765.00006,119.0,74.0,142.0,245.0,296.0,401.0,423.0,437.0,371.0,355.0,280.0,247.0,252.0,281.00003,254.00002,187.0,105.0,40.0,9.000001,1.0
17727,United Arab Emirates,ARE,1991,732.0,122.99999,79.0,148.0,271.0,312.0,415.00003,449.0,471.0,409.0,375.0,308.0,263.0,266.0,291.0,266.0,196.00002,111.0,44.0,9.000001,1.0
17728,United Arab Emirates,ARE,1992,709.00006,126.0,85.0,151.0,293.0,345.0,436.0,490.0,510.99997,463.0,398.0,341.0,281.00003,282.0,298.0,275.0,204.0,117.0,46.0,9.000001,1.0
17729,United Arab Emirates,ARE,1993,673.0,127.99999,90.0,153.0,310.0,389.0,465.0,543.0,560.0,532.0,430.0,378.0,296.0,298.0,304.0,282.0,211.0,122.0,49.0,11.0,1.0
17730,United Arab Emirates,ARE,1994,663.0,130.0,96.99999,155.0,316.0,441.0,501.0,602.0,615.0,610.0,471.00003,413.0,309.0,311.0,308.0,283.0,218.0,129.0,54.0,11.0,1.0
17731,United Arab Emirates,ARE,1995,597.0,131.0,103.0,152.00002,311.0,485.0,540.0,657.0,671.0,682.00006,524.0,437.0,318.0,313.00003,310.0,282.0,222.0,136.0,58.000004,12.0,1.0
17732,United Arab Emirates,ARE,1996,565.0,128.0,107.0,152.0,294.0,506.99997,577.0,688.0,719.0,737.0,578.0,446.0,321.0,305.0,308.0,278.0,226.0,143.0,60.0,16.0,1.0
17733,United Arab Emirates,ARE,1997,565.0,121.0,116.0,197.0,329.0,505.0,576.0,664.00006,730.0,764.0,643.0,467.0,352.0,320.0,328.0,295.0,244.0,153.0,62.0,15.000001,1.0
17734,United Arab Emirates,ARE,1998,583.0,109.0,113.0,225.00002,358.0,488.0,549.0,610.0,702.0,742.0,673.0,468.0,361.0,325.00003,340.0,315.0,266.0,168.0,65.0,16.0,1.0
17735,United Arab Emirates,ARE,1999,614.0,98.0,100.0,232.0,372.0,461.0,501.0,541.0,640.0,688.0,660.0,457.00003,349.0,324.0,343.99997,336.00003,296.0,188.0,72.0,18.0,2.0
17736,United Arab Emirates,ARE,2000,632.0,88.0,86.0,222.0,375.0,428.0,451.0,473.0,565.0,618.99994,624.0,440.0,327.00003,318.00003,344.0,357.99997,335.0,215.0,83.00001,18.000002,2.0
17737,United Arab Emirates,ARE,2001,640.0,81.0,70.0,204.0,364.0,397.0,406.0,417.0,493.0,552.0,574.0,425.0,306.0,307.0,343.99997,382.0,379.0,252.0,98.0,18.000002,2.0
17738,United Arab Emirates,ARE,2002,646.0,77.0,58.0,178.99998,345.0,378.00003,370.0,376.0,434.0,499.0,519.0,412.0,294.0,294.0,345.0,406.0,434.0,303.0,118.0,22.0,3.0
17739,United Arab Emirates,ARE,2003,657.0,71.0,49.000004,158.0,324.0,366.99997,353.0,352.0,394.0,462.0,475.0,405.0,297.0,282.0,350.0,433.0,499.0,370.0,147.0,26.0,5.0
17740,United Arab Emirates,ARE,2004,652.0,68.0,44.0,138.00002,304.0,364.00003,349.0,344.0,379.0,439.0,450.00003,405.0,311.0,275.0,360.0,463.0,572.0,455.0,187.0,37.0,6.0
17741,United Arab Emirates,ARE,2005,637.99994,64.0,41.0,119.0,282.0,365.0,350.0,351.0,374.0,428.0,434.0,417.0,336.99997,275.0,374.0,499.0,657.0,560.0,241.0,55.0,4.0
17742,United Arab Emirates,ARE,2006,589.0,61.0,39.0,102.0,260.0,363.0,357.0,371.0,380.0,424.0,431.0,428.0,373.0,289.0,384.0,542.0,750.0,689.0,315.0,83.0,4.0
17743,United Arab Emirates,ARE,2007,589.0,62.0,41.0,102.0,263.0,378.00003,380.0,397.0,405.0,441.0,451.0,447.0,414.0,320.0,379.0,559.0,775.0,717.0,327.00003,88.0,6.0
17744,United Arab Emirates,ARE,2008,593.0,68.0,45.0,110.0,290.0,423.0,423.0,440.0,450.00003,482.0,496.0,497.0,460.0,359.0,387.0,480.0,648.0,601.0,268.0,70.0,7.0
17745,United Arab Emirates,ARE,2009,659.0,71.0,47.0,115.0,300.0,448.0,450.0,465.0,478.0,512.0,531.0,537.0,493.0,391.0,407.0,452.0,598.0,552.0,242.0,60.0,7.0
17746,United Arab Emirates,ARE,2010,673.00006,72.0,48.0,114.0,292.0,444.0,454.0,460.0,480.0,519.0,542.0,548.0,499.0,407.0,447.0,345.0,445.0,413.0,191.0,52.0,6.0
17747,United Arab Emirates,ARE,2011,682.0,71.0,50.0,113.00001,283.0,440.0,460.0,458.0,484.0,526.0,552.0,561.0,512.0,425.0,496.0,316.0,393.0,360.0,166.0,45.0,5.0
17748,United Arab Emirates,ARE,2012,705.0,71.0,52.0,113.00001,276.0,438.0,471.0,461.0,492.0,538.0,565.0,577.0,533.0,448.0,551.0,355.0,451.0,408.0,191.0,52.0,4.0
17749,United Arab Emirates,ARE,2013,724.0,74.0,52.0,110.0,271.0,436.0,479.0,469.0,505.0,550.0,581.0,593.0,552.0,472.0,595.0,407.0,495.0,447.0,213.0,60.000004,4.0
17750,United Arab Emirates,ARE,2014,725.0,74.0,53.999996,113.00001,273.0,432.0,488.0,489.00003,523.0,568.0,596.0,611.0,576.0,499.0,613.00006,456.0,509.0,465.0,219.00002,60.0,5.0
17751,United Arab Emirates,ARE,2015,723.00006,74.0,57.0,113.00001,278.0,432.0,501.0,516.00006,547.0,595.0,617.0,635.0,605.0,529.0,621.0,540.0,595.0,549.0,255.0,69.0,7.0
17752,United Arab Emirates,ARE,2016,721.0,72.0,57.0,114.0,284.0,430.0,510.0,539.00006,572.0,621.0,636.0,653.0,636.00006,557.0,630.0,566.0,601.0,560.0,256.0,71.0,9.0
17753,United Arab Emirates,ARE,2017,715.0,69.0,55.0,114.0,281.00003,421.0,510.0,560.0,586.0,634.0,644.00006,662.0,654.00006,575.0,645.0,524.0,529.0,485.0,224.0,64.0,10.0
17754,United Arab Emirates,ARE,2018,684.0,64.0,52.0,108.0,271.0,404.0,504.0,577.0,587.0,631.0,641.00006,653.0,656.0,580.0,663.0,523.0,560.0,491.0,229.0,64.0,8.0
17755,United Arab Emirates,ARE,2019,659.0,57.0,47.0,100.0,255.0,385.0,503.00003,587.0,585.99994,626.0,635.0,641.00006,648.0,582.0,681.0,534.00006,617.0,504.0,248.0,72.0,7.0
17756,United Arab Emirates,ARE,2020,654.00006,45.0,45.999996,76.00001,229.0,384.0,548.0,623.0,773.0,827.0,922.0,903.0,948.0,706.0,786.0,607.0,655.00006,475.0,269.0,82.0,6.0
17757,United Arab Emirates,ARE,2021,604.0,35.0,24.999998,45.0,222.99998,339.0,406.00003,452.0,682.00006,858.99994,958.0,934.0,988.0,1149.0,1327.0,882.0,1106.0,834.0,382.0,83.0,7.0
17758,United Arab Emirates,ARE,2022,610.0,61.0,75.0,107.99999,312.0,519.0,682.99994,793.0,929.0,921.0,863.00006,778.0,788.0,810.0,995.0,806.0,1128.0,724.0,176.0,1.0,2.0
17759,United Arab Emirates,ARE,2023,636.0,34.0,31.0,70.0,183.0,325.0,526.0,651.0,651.0,699.0,675.0,665.0,704.0,653.0,802.0,696.99994,906.0,674.0,266.0,64.0,3.0
